
AVR Project.elf:     file format elf32-avr

Sections:
Idx Name          Size      VMA       LMA       File off  Algn
  0 .data         0000016a  00800100  00001efe  00001f92  2**0
                  CONTENTS, ALLOC, LOAD, DATA
  1 .text         00001efe  00000000  00000000  00000094  2**1
                  CONTENTS, ALLOC, LOAD, READONLY, CODE
  2 .bss          000001b7  0080026a  0080026a  000020fc  2**0
                  ALLOC
  3 .comment      0000005c  00000000  00000000  000020fc  2**0
                  CONTENTS, READONLY
  4 .note.gnu.avr.deviceinfo 00000040  00000000  00000000  00002158  2**2
                  CONTENTS, READONLY
  5 .debug_aranges 00000330  00000000  00000000  00002198  2**0
                  CONTENTS, READONLY, DEBUGGING
  6 .debug_info   0000326c  00000000  00000000  000024c8  2**0
                  CONTENTS, READONLY, DEBUGGING
  7 .debug_abbrev 000014c5  00000000  00000000  00005734  2**0
                  CONTENTS, READONLY, DEBUGGING
  8 .debug_line   00001cf9  00000000  00000000  00006bf9  2**0
                  CONTENTS, READONLY, DEBUGGING
  9 .debug_frame  000008a0  00000000  00000000  000088f4  2**2
                  CONTENTS, READONLY, DEBUGGING
 10 .debug_str    00000db0  00000000  00000000  00009194  2**0
                  CONTENTS, READONLY, DEBUGGING
 11 .debug_loc    00001c61  00000000  00000000  00009f44  2**0
                  CONTENTS, READONLY, DEBUGGING
 12 .debug_ranges 00000348  00000000  00000000  0000bba5  2**0
                  CONTENTS, READONLY, DEBUGGING

Disassembly of section .text:

00000000 <__vectors>:
       0:	0c 94 6c 01 	jmp	0x2d8	; 0x2d8 <__ctors_end>
       4:	0c 94 89 01 	jmp	0x312	; 0x312 <__bad_interrupt>
       8:	0c 94 89 01 	jmp	0x312	; 0x312 <__bad_interrupt>
       c:	0c 94 89 01 	jmp	0x312	; 0x312 <__bad_interrupt>
      10:	0c 94 89 01 	jmp	0x312	; 0x312 <__bad_interrupt>
      14:	0c 94 cc 01 	jmp	0x398	; 0x398 <__vector_5>
      18:	0c 94 89 01 	jmp	0x312	; 0x312 <__bad_interrupt>
      1c:	0c 94 89 01 	jmp	0x312	; 0x312 <__bad_interrupt>
      20:	0c 94 89 01 	jmp	0x312	; 0x312 <__bad_interrupt>
      24:	0c 94 89 01 	jmp	0x312	; 0x312 <__bad_interrupt>
      28:	0c 94 89 01 	jmp	0x312	; 0x312 <__bad_interrupt>
      2c:	0c 94 ce 0a 	jmp	0x159c	; 0x159c <__vector_11>
      30:	0c 94 89 01 	jmp	0x312	; 0x312 <__bad_interrupt>
      34:	0c 94 89 01 	jmp	0x312	; 0x312 <__bad_interrupt>
      38:	0c 94 89 01 	jmp	0x312	; 0x312 <__bad_interrupt>
      3c:	0c 94 89 01 	jmp	0x312	; 0x312 <__bad_interrupt>
      40:	0c 94 70 0a 	jmp	0x14e0	; 0x14e0 <__vector_16>
      44:	0c 94 89 01 	jmp	0x312	; 0x312 <__bad_interrupt>
      48:	0c 94 89 01 	jmp	0x312	; 0x312 <__bad_interrupt>
      4c:	0c 94 89 01 	jmp	0x312	; 0x312 <__bad_interrupt>
      50:	0c 94 69 07 	jmp	0xed2	; 0xed2 <__vector_20>
      54:	0c 94 27 07 	jmp	0xe4e	; 0xe4e <__vector_21>
      58:	0c 94 89 01 	jmp	0x312	; 0x312 <__bad_interrupt>
      5c:	0c 94 89 01 	jmp	0x312	; 0x312 <__bad_interrupt>
      60:	0c 94 89 01 	jmp	0x312	; 0x312 <__bad_interrupt>
      64:	0c 94 89 01 	jmp	0x312	; 0x312 <__bad_interrupt>
      68:	0c 94 89 01 	jmp	0x312	; 0x312 <__bad_interrupt>
      6c:	0c 94 89 01 	jmp	0x312	; 0x312 <__bad_interrupt>
      70:	0c 94 89 01 	jmp	0x312	; 0x312 <__bad_interrupt>
      74:	0c 94 89 01 	jmp	0x312	; 0x312 <__bad_interrupt>
      78:	0c 94 89 01 	jmp	0x312	; 0x312 <__bad_interrupt>

0000007c <__trampolines_end>:
      7c:	50 72       	andi	r21, 0x20	; 32
      7e:	65 73       	andi	r22, 0x35	; 53
      80:	73 20       	and	r7, r3
      82:	27 72       	andi	r18, 0x27	; 39
      84:	27 2f       	mov	r18, r23
      86:	27 52       	subi	r18, 0x27	; 39
      88:	27 20       	and	r2, r7
      8a:	74 6f       	ori	r23, 0xF4	; 244
      8c:	20 72       	andi	r18, 0x20	; 32
      8e:	65 73       	andi	r22, 0x35	; 53
      90:	74 61       	ori	r23, 0x14	; 20
      92:	72 74       	andi	r23, 0x42	; 66
      94:	2c 20       	and	r2, r12
      96:	6f 72       	andi	r22, 0x2F	; 47
      98:	20 27       	eor	r18, r16
      9a:	65 27       	eor	r22, r21
      9c:	2f 27       	eor	r18, r31
      9e:	45 27       	eor	r20, r21
      a0:	20 74       	andi	r18, 0x40	; 64
      a2:	6f 20       	and	r6, r15
      a4:	65 78       	andi	r22, 0x85	; 133
      a6:	69 74       	andi	r22, 0x49	; 73
	...

000000a9 <__c.2613>:
      a9:	47 41 4d 45 20 4f 56 45 52 00                       GAME OVER.

000000b3 <__c.2601>:
      b3:	45 6c 61 70 73 65 64 20 74 69 6d 65 3a 20 25 6c     Elapsed time: %l
      c3:	75 20 73 00                                         u s.

000000c7 <__c.2582>:
      c7:	43 53 53 45 32 30 31 30 2f 37 32 30 31 20 50 72     CSSE2010/7201 Pr
      d7:	6f 6a 65 63 74 20 62 79 20 56 75 20 48 61 69 20     oject by Vu Hai 
      e7:	4d 69 6e 68 20 42 75 69 20 2d 20 34 37 37 38 39     Minh Bui - 47789
      f7:	31 34 30 00                                         140.

000000fb <title_data>:
      fb:	60 38 1f 3f 3f 63 7e fe 60 bc b1 b1 61 66 c3 c0     `8.??c~.`...af..
     10b:	60 b6 3f bf 61 7c c3 fe 60 b3 b1 b1 61 66 c3 06     `.?.a|..`...af..
     11b:	e0 b1 31 3f 3f 63 7e fe                             ..1??c~.

00000123 <anim_data>:
     123:	f0 f0 00 f0 f0 f0 f0 00 f0 00 00 f0 00 00 f0 00     ................
     133:	f0 00 00 f0 00 00 f0 00 f0 f0 f0 f0 00 f0 f0 00     ................
	...
     14b:	f0 f0 f0 f0 f0 00 00 00 f0 00 00 00 f0 00 00 00     ................
     15b:	f0 00 00 00 f0 00 00 00 f0 f0 f0 f0 f0 00 00 00     ................
	...
     173:	f0 f0 f0 f0 f0 f0 f0 00 00 00 00 f0 00 00 00 00     ................
     183:	00 00 f0 00 f0 00 00 00 f0 f0 00 00 00 f0 00 00     ................
	...
     19b:	f0 f0 f0 f0 f0 00 00 00 f0 00 00 00 f0 00 00 00     ................
     1ab:	f0 00 00 00 f0 00 00 00 f0 f0 f0 f0 f0 00 00 00     ................
	...
     1c3:	f0 f0 f0 f0 f0 f0 f0 00 f0 00 00 f0 00 00 00 00     ................
     1d3:	f0 00 00 f0 00 00 00 00 f0 f0 f0 f0 00 00 00 00     ................
	...
     1eb:	f0 f0 f0 00 f0 00 00 00 f0 00 f0 00 f0 00 00 00     ................
     1fb:	f0 00 f0 00 f0 00 00 00 f0 f0 f0 f0 f0 00 00 00     ................
	...
     213:	f0 f0 f0 f0 f0 00 00 00 00 00 00 00 f0 00 00 00     ................
     223:	00 00 00 00 f0 00 00 00 f0 f0 f0 f0 f0 00 00 00     ................
	...
     243:	3c 3c 3c 3c 3c 3c 00 00 3c 3c 00 00 3c 3c 00 00     <<<<<<..<<..<<..
     253:	3c 00 3c 3c 00 3c 00 00 3c 00 3c 3c 00 3c 00 00     <.<<.<..<.<<.<..
     263:	3c 3c 00 00 3c 3c 00 00 3c 3c 3c 3c 3c 3c 00 00     <<..<<..<<<<<<..
     273:	00 00 00 10 00 10 00 00 10 00 00 10 00 10 00 00     ................
     283:	00 10 00 00 10 00 10 10 00 00 10 10 00 10 10 10     ................
     293:	00 10 00 00 00 00 10 10 10 00 00 00 00 00 00 00     ................
	...

000002b3 <__c.2187>:
     2b3:	1b 5b 3f 32 35 6c 00                                .[?25l.

000002ba <__c.2182>:
     2ba:	1b 5b 25 64 6d 00                                   .[%dm.

000002c0 <__c.2177>:
     2c0:	1b 5b 4b 00                                         .[K.

000002c4 <__c.2172>:
     2c4:	1b 5b 32 4a 00                                      .[2J.

000002c9 <__c.2162>:
     2c9:	1b 5b 30 6d 00                                      .[0m.

000002ce <__c.2157>:
     2ce:	1b 5b 25 64 3b 25 64 48 00 00                       .[%d;%dH..

000002d8 <__ctors_end>:
     2d8:	11 24       	eor	r1, r1
     2da:	1f be       	out	0x3f, r1	; 63
     2dc:	cf ef       	ldi	r28, 0xFF	; 255
     2de:	d8 e0       	ldi	r29, 0x08	; 8
     2e0:	de bf       	out	0x3e, r29	; 62
     2e2:	cd bf       	out	0x3d, r28	; 61

000002e4 <__do_copy_data>:
     2e4:	12 e0       	ldi	r17, 0x02	; 2
     2e6:	a0 e0       	ldi	r26, 0x00	; 0
     2e8:	b1 e0       	ldi	r27, 0x01	; 1
     2ea:	ee ef       	ldi	r30, 0xFE	; 254
     2ec:	fe e1       	ldi	r31, 0x1E	; 30
     2ee:	02 c0       	rjmp	.+4      	; 0x2f4 <__do_copy_data+0x10>
     2f0:	05 90       	lpm	r0, Z+
     2f2:	0d 92       	st	X+, r0
     2f4:	aa 36       	cpi	r26, 0x6A	; 106
     2f6:	b1 07       	cpc	r27, r17
     2f8:	d9 f7       	brne	.-10     	; 0x2f0 <__do_copy_data+0xc>

000002fa <__do_clear_bss>:
     2fa:	24 e0       	ldi	r18, 0x04	; 4
     2fc:	aa e6       	ldi	r26, 0x6A	; 106
     2fe:	b2 e0       	ldi	r27, 0x02	; 2
     300:	01 c0       	rjmp	.+2      	; 0x304 <.do_clear_bss_start>

00000302 <.do_clear_bss_loop>:
     302:	1d 92       	st	X+, r1

00000304 <.do_clear_bss_start>:
     304:	a1 32       	cpi	r26, 0x21	; 33
     306:	b2 07       	cpc	r27, r18
     308:	e1 f7       	brne	.-8      	; 0x302 <.do_clear_bss_loop>
     30a:	0e 94 97 06 	call	0xd2e	; 0xd2e <main>
     30e:	0c 94 7d 0f 	jmp	0x1efa	; 0x1efa <_exit>

00000312 <__bad_interrupt>:
     312:	0c 94 00 00 	jmp	0	; 0x0 <__vectors>

00000316 <init_buttons>:
	// using a pin change interrupt. These pins correspond to pin
	// change interrupts PCINT8 to PCINT11 which are covered by
	// pin change interrupt 1.

	// Empty the button push queue and reset last state.
	queue_length = 0;
     316:	10 92 6a 02 	sts	0x026A, r1	; 0x80026a <__data_end>
	last_button_state = 0;
     31a:	10 92 6f 02 	sts	0x026F, r1	; 0x80026f <last_button_state>

	// Enable the interrupt (see datasheet page 77).
	PCICR |= (1 << PCIE1);
     31e:	e8 e6       	ldi	r30, 0x68	; 104
     320:	f0 e0       	ldi	r31, 0x00	; 0
     322:	80 81       	ld	r24, Z
     324:	82 60       	ori	r24, 0x02	; 2
     326:	80 83       	st	Z, r24
	
	// Make sure the interrupt flag is cleared (by writing a 
	// 1 to it) (see datasheet page 78).
	PCIFR |= (1 << PCIF1);
     328:	8b b3       	in	r24, 0x1b	; 27
     32a:	82 60       	ori	r24, 0x02	; 2
     32c:	8b bb       	out	0x1b, r24	; 27
	
	// Choose which pins we're interested in by setting
	// the relevant bits in the mask register (see datasheet page 78).
	PCMSK1 |= (1 << PCINT8) | (1 << PCINT9) | (1 << PCINT10) |
     32e:	ec e6       	ldi	r30, 0x6C	; 108
     330:	f0 e0       	ldi	r31, 0x00	; 0
     332:	80 81       	ld	r24, Z
     334:	8f 60       	ori	r24, 0x0F	; 15
     336:	80 83       	st	Z, r24
     338:	08 95       	ret

0000033a <button_pushed>:

ButtonState button_pushed(void)
{
	ButtonState result = NO_BUTTON_PUSHED; // Default result.

	if (queue_length > 0)
     33a:	80 91 6a 02 	lds	r24, 0x026A	; 0x80026a <__data_end>
     33e:	88 23       	and	r24, r24
     340:	f9 f0       	breq	.+62     	; 0x380 <button_pushed+0x46>
	{
		// Remove the first element off the queue and move all the
		// other entries closer to the front of the queue. We turn off
		// interrupts (if on) before we make any changes to the queue.
		// If interrupts were on, we turn them back on when done.
		result = button_queue[0];
     342:	80 91 6b 02 	lds	r24, 0x026B	; 0x80026b <button_queue>

		// Save whether interrupts were enabled and turn them off.
		bool interrupts_were_enabled = bit_is_set(SREG, SREG_I);
     346:	5f b7       	in	r21, 0x3f	; 63
     348:	50 78       	andi	r21, 0x80	; 128
		cli();
     34a:	f8 94       	cli
		
		for (uint8_t i = 1; i < queue_length; i++)
     34c:	91 e0       	ldi	r25, 0x01	; 1
     34e:	0b c0       	rjmp	.+22     	; 0x366 <button_pushed+0x2c>
		{
			button_queue[i - 1] = button_queue[i];
     350:	29 2f       	mov	r18, r25
     352:	30 e0       	ldi	r19, 0x00	; 0
     354:	f9 01       	movw	r30, r18
     356:	e5 59       	subi	r30, 0x95	; 149
     358:	fd 4f       	sbci	r31, 0xFD	; 253
     35a:	40 81       	ld	r20, Z
     35c:	f9 01       	movw	r30, r18
     35e:	e6 59       	subi	r30, 0x96	; 150
     360:	fd 4f       	sbci	r31, 0xFD	; 253
     362:	40 83       	st	Z, r20

		// Save whether interrupts were enabled and turn them off.
		bool interrupts_were_enabled = bit_is_set(SREG, SREG_I);
		cli();
		
		for (uint8_t i = 1; i < queue_length; i++)
     364:	9f 5f       	subi	r25, 0xFF	; 255
     366:	20 91 6a 02 	lds	r18, 0x026A	; 0x80026a <__data_end>
     36a:	92 17       	cp	r25, r18
     36c:	88 f3       	brcs	.-30     	; 0x350 <button_pushed+0x16>
		{
			button_queue[i - 1] = button_queue[i];
		}
		queue_length--;
     36e:	90 91 6a 02 	lds	r25, 0x026A	; 0x80026a <__data_end>
     372:	91 50       	subi	r25, 0x01	; 1
     374:	90 93 6a 02 	sts	0x026A, r25	; 0x80026a <__data_end>

		if (interrupts_were_enabled)
     378:	55 23       	and	r21, r21
     37a:	19 f0       	breq	.+6      	; 0x382 <button_pushed+0x48>
		{
			// Turn them back on again.
			sei();
     37c:	78 94       	sei
     37e:	08 95       	ret
		(1 << PCINT11);
}

ButtonState button_pushed(void)
{
	ButtonState result = NO_BUTTON_PUSHED; // Default result.
     380:	8f ef       	ldi	r24, 0xFF	; 255
			// Turn them back on again.
			sei();
		}
	}
	return result;
}
     382:	08 95       	ret

00000384 <clear_button_presses>:

void clear_button_presses(void)
{
	// Save whether interrupts were enabled and turn them off.
	bool interrupts_were_enabled = bit_is_set(SREG, SREG_I);
     384:	8f b7       	in	r24, 0x3f	; 63
	cli();
     386:	f8 94       	cli
	queue_length = 0;
     388:	10 92 6a 02 	sts	0x026A, r1	; 0x80026a <__data_end>
	last_button_state = 0;
     38c:	10 92 6f 02 	sts	0x026F, r1	; 0x80026f <last_button_state>
	if (interrupts_were_enabled)
     390:	88 23       	and	r24, r24
     392:	0c f4       	brge	.+2      	; 0x396 <clear_button_presses+0x12>
	{
		// Turn them back on again.
		sei();
     394:	78 94       	sei
     396:	08 95       	ret

00000398 <__vector_5>:
	}
}

// Interrupt handler for a change on buttons.
ISR(PCINT1_vect)
{
     398:	1f 92       	push	r1
     39a:	0f 92       	push	r0
     39c:	0f b6       	in	r0, 0x3f	; 63
     39e:	0f 92       	push	r0
     3a0:	11 24       	eor	r1, r1
     3a2:	2f 93       	push	r18
     3a4:	3f 93       	push	r19
     3a6:	4f 93       	push	r20
     3a8:	8f 93       	push	r24
     3aa:	9f 93       	push	r25
     3ac:	ef 93       	push	r30
     3ae:	ff 93       	push	r31
	// Get the current state of the buttons. We'll compare this with
	// the last state to see what has changed.
	uint8_t button_state = PINB & 0x0F;
     3b0:	43 b1       	in	r20, 0x03	; 3
     3b2:	4f 70       	andi	r20, 0x0F	; 15
	// Iterate over all the buttons and see which ones have changed.
	// Any button pushes are added to the queue of button pushes (if
	// there is space). We ignore button releases so we're just looking
	// for a transition from 0 in the last_button_state bit to a 1 in the
	// button_state.
	for (uint8_t pin = 0; pin < NUM_BUTTONS; pin++)
     3b4:	80 e0       	ldi	r24, 0x00	; 0
     3b6:	24 c0       	rjmp	.+72     	; 0x400 <__EEPROM_REGION_LENGTH__>
	{
		if (queue_length < BUTTON_QUEUE_SIZE
     3b8:	90 91 6a 02 	lds	r25, 0x026A	; 0x80026a <__data_end>
     3bc:	94 30       	cpi	r25, 0x04	; 4
     3be:	f8 f4       	brcc	.+62     	; 0x3fe <__vector_5+0x66>
				&& (button_state & (1 << pin))
     3c0:	24 2f       	mov	r18, r20
     3c2:	30 e0       	ldi	r19, 0x00	; 0
     3c4:	08 2e       	mov	r0, r24
     3c6:	02 c0       	rjmp	.+4      	; 0x3cc <__vector_5+0x34>
     3c8:	35 95       	asr	r19
     3ca:	27 95       	ror	r18
     3cc:	0a 94       	dec	r0
     3ce:	e2 f7       	brpl	.-8      	; 0x3c8 <__vector_5+0x30>
     3d0:	20 ff       	sbrs	r18, 0
     3d2:	15 c0       	rjmp	.+42     	; 0x3fe <__vector_5+0x66>
				&& !(last_button_state & (1 << pin)))
     3d4:	20 91 6f 02 	lds	r18, 0x026F	; 0x80026f <last_button_state>
     3d8:	30 e0       	ldi	r19, 0x00	; 0
     3da:	08 2e       	mov	r0, r24
     3dc:	02 c0       	rjmp	.+4      	; 0x3e2 <__vector_5+0x4a>
     3de:	35 95       	asr	r19
     3e0:	27 95       	ror	r18
     3e2:	0a 94       	dec	r0
     3e4:	e2 f7       	brpl	.-8      	; 0x3de <__vector_5+0x46>
     3e6:	20 fd       	sbrc	r18, 0
     3e8:	0a c0       	rjmp	.+20     	; 0x3fe <__vector_5+0x66>
				{
			// Add the button push to the queue (and update the
			// length of the queue).
			button_queue[queue_length++] = pin;
     3ea:	e0 91 6a 02 	lds	r30, 0x026A	; 0x80026a <__data_end>
     3ee:	91 e0       	ldi	r25, 0x01	; 1
     3f0:	9e 0f       	add	r25, r30
     3f2:	90 93 6a 02 	sts	0x026A, r25	; 0x80026a <__data_end>
     3f6:	f0 e0       	ldi	r31, 0x00	; 0
     3f8:	e5 59       	subi	r30, 0x95	; 149
     3fa:	fd 4f       	sbci	r31, 0xFD	; 253
     3fc:	80 83       	st	Z, r24
	// Iterate over all the buttons and see which ones have changed.
	// Any button pushes are added to the queue of button pushes (if
	// there is space). We ignore button releases so we're just looking
	// for a transition from 0 in the last_button_state bit to a 1 in the
	// button_state.
	for (uint8_t pin = 0; pin < NUM_BUTTONS; pin++)
     3fe:	8f 5f       	subi	r24, 0xFF	; 255
     400:	84 30       	cpi	r24, 0x04	; 4
     402:	d0 f2       	brcs	.-76     	; 0x3b8 <__vector_5+0x20>
			button_queue[queue_length++] = pin;
		}
	}
	
	// Remember this button state.
	last_button_state = button_state;
     404:	40 93 6f 02 	sts	0x026F, r20	; 0x80026f <last_button_state>
}
     408:	ff 91       	pop	r31
     40a:	ef 91       	pop	r30
     40c:	9f 91       	pop	r25
     40e:	8f 91       	pop	r24
     410:	4f 91       	pop	r20
     412:	3f 91       	pop	r19
     414:	2f 91       	pop	r18
     416:	0f 90       	pop	r0
     418:	0f be       	out	0x3f, r0	; 63
     41a:	0f 90       	pop	r0
     41c:	1f 90       	pop	r1
     41e:	18 95       	reti

00000420 <paint_square>:
	"I've bumped into the wall",
	"Ouch! A wall"
};

static void paint_square(uint8_t row, uint8_t col)
{
     420:	0f 93       	push	r16
     422:	1f 93       	push	r17
     424:	cf 93       	push	r28
     426:	df 93       	push	r29
	switch (board[row][col] & OBJECT_MASK)
     428:	08 2f       	mov	r16, r24
     42a:	10 e0       	ldi	r17, 0x00	; 0
     42c:	c6 2f       	mov	r28, r22
     42e:	d0 e0       	ldi	r29, 0x00	; 0
     430:	f8 01       	movw	r30, r16
     432:	e2 95       	swap	r30
     434:	f2 95       	swap	r31
     436:	f0 7f       	andi	r31, 0xF0	; 240
     438:	fe 27       	eor	r31, r30
     43a:	e0 7f       	andi	r30, 0xF0	; 240
     43c:	fe 27       	eor	r31, r30
     43e:	ed 58       	subi	r30, 0x8D	; 141
     440:	fd 4f       	sbci	r31, 0xFD	; 253
     442:	ec 0f       	add	r30, r28
     444:	fd 1f       	adc	r31, r29
     446:	90 81       	ld	r25, Z
     448:	97 70       	andi	r25, 0x07	; 7
     44a:	92 30       	cpi	r25, 0x02	; 2
     44c:	a9 f1       	breq	.+106    	; 0x4b8 <paint_square+0x98>
     44e:	28 f4       	brcc	.+10     	; 0x45a <paint_square+0x3a>
     450:	99 23       	and	r25, r25
     452:	51 f0       	breq	.+20     	; 0x468 <paint_square+0x48>
     454:	91 30       	cpi	r25, 0x01	; 1
     456:	e1 f0       	breq	.+56     	; 0x490 <paint_square+0x70>
     458:	6a c0       	rjmp	.+212    	; 0x52e <paint_square+0x10e>
     45a:	94 30       	cpi	r25, 0x04	; 4
     45c:	09 f4       	brne	.+2      	; 0x460 <paint_square+0x40>
     45e:	40 c0       	rjmp	.+128    	; 0x4e0 <paint_square+0xc0>
     460:	96 30       	cpi	r25, 0x06	; 6
     462:	09 f4       	brne	.+2      	; 0x466 <paint_square+0x46>
     464:	51 c0       	rjmp	.+162    	; 0x508 <paint_square+0xe8>
     466:	63 c0       	rjmp	.+198    	; 0x52e <paint_square+0x10e>
	{
		case ROOM:
			ledmatrix_update_pixel(row, col, COLOUR_BLACK);
     468:	40 e0       	ldi	r20, 0x00	; 0
     46a:	0e 94 7e 04 	call	0x8fc	; 0x8fc <ledmatrix_update_pixel>
			move_terminal_cursor(MATRIX_NUM_ROWS - 1 - row + 12, col + 32);
     46e:	be 01       	movw	r22, r28
     470:	60 5e       	subi	r22, 0xE0	; 224
     472:	7f 4f       	sbci	r23, 0xFF	; 255
     474:	83 e1       	ldi	r24, 0x13	; 19
     476:	90 e0       	ldi	r25, 0x00	; 0
     478:	80 1b       	sub	r24, r16
     47a:	91 0b       	sbc	r25, r17
     47c:	0e 94 05 0a 	call	0x140a	; 0x140a <move_terminal_cursor>
			
			set_display_attribute(BG_BLACK);
     480:	88 e2       	ldi	r24, 0x28	; 40
     482:	0e 94 34 0a 	call	0x1468	; 0x1468 <set_display_attribute>
			printf(" ");
     486:	80 e2       	ldi	r24, 0x20	; 32
     488:	90 e0       	ldi	r25, 0x00	; 0
     48a:	0e 94 a7 0c 	call	0x194e	; 0x194e <putchar>
			break;
     48e:	4f c0       	rjmp	.+158    	; 0x52e <paint_square+0x10e>
		case WALL:
			ledmatrix_update_pixel(row, col, COLOUR_WALL);
     490:	4f ef       	ldi	r20, 0xFF	; 255
     492:	0e 94 7e 04 	call	0x8fc	; 0x8fc <ledmatrix_update_pixel>
			move_terminal_cursor(MATRIX_NUM_ROWS - 1 - row + 12, col + 32);
     496:	be 01       	movw	r22, r28
     498:	60 5e       	subi	r22, 0xE0	; 224
     49a:	7f 4f       	sbci	r23, 0xFF	; 255
     49c:	83 e1       	ldi	r24, 0x13	; 19
     49e:	90 e0       	ldi	r25, 0x00	; 0
     4a0:	80 1b       	sub	r24, r16
     4a2:	91 0b       	sbc	r25, r17
     4a4:	0e 94 05 0a 	call	0x140a	; 0x140a <move_terminal_cursor>
			
			set_display_attribute(BG_YELLOW);
     4a8:	8b e2       	ldi	r24, 0x2B	; 43
     4aa:	0e 94 34 0a 	call	0x1468	; 0x1468 <set_display_attribute>
			printf(" ");
     4ae:	80 e2       	ldi	r24, 0x20	; 32
     4b0:	90 e0       	ldi	r25, 0x00	; 0
     4b2:	0e 94 a7 0c 	call	0x194e	; 0x194e <putchar>
			break;
     4b6:	3b c0       	rjmp	.+118    	; 0x52e <paint_square+0x10e>
		case BOX:
			ledmatrix_update_pixel(row, col, COLOUR_BOX);
     4b8:	4c e3       	ldi	r20, 0x3C	; 60
     4ba:	0e 94 7e 04 	call	0x8fc	; 0x8fc <ledmatrix_update_pixel>
			move_terminal_cursor(MATRIX_NUM_ROWS - 1 - row + 12, col + 32);
     4be:	be 01       	movw	r22, r28
     4c0:	60 5e       	subi	r22, 0xE0	; 224
     4c2:	7f 4f       	sbci	r23, 0xFF	; 255
     4c4:	83 e1       	ldi	r24, 0x13	; 19
     4c6:	90 e0       	ldi	r25, 0x00	; 0
     4c8:	80 1b       	sub	r24, r16
     4ca:	91 0b       	sbc	r25, r17
     4cc:	0e 94 05 0a 	call	0x140a	; 0x140a <move_terminal_cursor>
			
			set_display_attribute(BG_MAGENTA);
     4d0:	8d e2       	ldi	r24, 0x2D	; 45
     4d2:	0e 94 34 0a 	call	0x1468	; 0x1468 <set_display_attribute>
			printf(" ");
     4d6:	80 e2       	ldi	r24, 0x20	; 32
     4d8:	90 e0       	ldi	r25, 0x00	; 0
     4da:	0e 94 a7 0c 	call	0x194e	; 0x194e <putchar>
			break;
     4de:	27 c0       	rjmp	.+78     	; 0x52e <paint_square+0x10e>
		case TARGET:
			ledmatrix_update_pixel(row, col, COLOUR_TARGET);
     4e0:	4f e0       	ldi	r20, 0x0F	; 15
     4e2:	0e 94 7e 04 	call	0x8fc	; 0x8fc <ledmatrix_update_pixel>
			move_terminal_cursor(MATRIX_NUM_ROWS - 1 - row + 12, col + 32);
     4e6:	be 01       	movw	r22, r28
     4e8:	60 5e       	subi	r22, 0xE0	; 224
     4ea:	7f 4f       	sbci	r23, 0xFF	; 255
     4ec:	83 e1       	ldi	r24, 0x13	; 19
     4ee:	90 e0       	ldi	r25, 0x00	; 0
     4f0:	80 1b       	sub	r24, r16
     4f2:	91 0b       	sbc	r25, r17
     4f4:	0e 94 05 0a 	call	0x140a	; 0x140a <move_terminal_cursor>
			
			set_display_attribute(BG_RED);
     4f8:	89 e2       	ldi	r24, 0x29	; 41
     4fa:	0e 94 34 0a 	call	0x1468	; 0x1468 <set_display_attribute>
			printf(" ");
     4fe:	80 e2       	ldi	r24, 0x20	; 32
     500:	90 e0       	ldi	r25, 0x00	; 0
     502:	0e 94 a7 0c 	call	0x194e	; 0x194e <putchar>
			break;
     506:	13 c0       	rjmp	.+38     	; 0x52e <paint_square+0x10e>
		case BOX | TARGET:
			ledmatrix_update_pixel(row, col, COLOUR_DONE);
     508:	40 ef       	ldi	r20, 0xF0	; 240
     50a:	0e 94 7e 04 	call	0x8fc	; 0x8fc <ledmatrix_update_pixel>
			move_terminal_cursor(MATRIX_NUM_ROWS - 1 - row + 12, col + 32);
     50e:	be 01       	movw	r22, r28
     510:	60 5e       	subi	r22, 0xE0	; 224
     512:	7f 4f       	sbci	r23, 0xFF	; 255
     514:	83 e1       	ldi	r24, 0x13	; 19
     516:	90 e0       	ldi	r25, 0x00	; 0
     518:	80 1b       	sub	r24, r16
     51a:	91 0b       	sbc	r25, r17
     51c:	0e 94 05 0a 	call	0x140a	; 0x140a <move_terminal_cursor>
			
			set_display_attribute(BG_GREEN);
     520:	8a e2       	ldi	r24, 0x2A	; 42
     522:	0e 94 34 0a 	call	0x1468	; 0x1468 <set_display_attribute>
			printf(" ");
     526:	80 e2       	ldi	r24, 0x20	; 32
     528:	90 e0       	ldi	r25, 0x00	; 0
     52a:	0e 94 a7 0c 	call	0x194e	; 0x194e <putchar>
			break;
		default:
			break;
	}
}
     52e:	df 91       	pop	r29
     530:	cf 91       	pop	r28
     532:	1f 91       	pop	r17
     534:	0f 91       	pop	r16
     536:	08 95       	ret

00000538 <initialise_game>:

// This function initialises the global variables used to store the game
// state, and renders the initial game display.
void initialise_game(void)
{
     538:	cf 93       	push	r28
     53a:	df 93       	push	r29
	#undef W
	#undef T
	#undef B

	// Set the initial player location (for level 1).
	player_row = 5;
     53c:	85 e0       	ldi	r24, 0x05	; 5
     53e:	80 93 72 02 	sts	0x0272, r24	; 0x800272 <player_row>
	player_col = 2;
     542:	82 e0       	ldi	r24, 0x02	; 2
     544:	80 93 71 02 	sts	0x0271, r24	; 0x800271 <player_col>

	// Make the player icon initially invisible.
	player_visible = false;
     548:	10 92 70 02 	sts	0x0270, r1	; 0x800270 <player_visible>

	// Copy the starting layout (level 1 map) to the board array, and flip
	// all the rows.
	for (uint8_t row = 0; row < MATRIX_NUM_ROWS; row++)
     54c:	a0 e0       	ldi	r26, 0x00	; 0
     54e:	27 c0       	rjmp	.+78     	; 0x59e <initialise_game+0x66>
	{
		for (uint8_t col = 0; col < MATRIX_NUM_COLUMNS; col++)
		{
			board[MATRIX_NUM_ROWS - 1 - row][col] =
     550:	8a 2f       	mov	r24, r26
     552:	90 e0       	ldi	r25, 0x00	; 0
     554:	27 e0       	ldi	r18, 0x07	; 7
     556:	30 e0       	ldi	r19, 0x00	; 0
     558:	28 1b       	sub	r18, r24
     55a:	39 0b       	sbc	r19, r25
				lv1_layout[row][col];
     55c:	46 2f       	mov	r20, r22
     55e:	50 e0       	ldi	r21, 0x00	; 0
     560:	fc 01       	movw	r30, r24
     562:	e2 95       	swap	r30
     564:	f2 95       	swap	r31
     566:	f0 7f       	andi	r31, 0xF0	; 240
     568:	fe 27       	eor	r31, r30
     56a:	e0 7f       	andi	r30, 0xF0	; 240
     56c:	fe 27       	eor	r31, r30
     56e:	ee 55       	subi	r30, 0x5E	; 94
     570:	fe 4f       	sbci	r31, 0xFE	; 254
     572:	e4 0f       	add	r30, r20
     574:	f5 1f       	adc	r31, r21
     576:	70 81       	ld	r23, Z
	// all the rows.
	for (uint8_t row = 0; row < MATRIX_NUM_ROWS; row++)
	{
		for (uint8_t col = 0; col < MATRIX_NUM_COLUMNS; col++)
		{
			board[MATRIX_NUM_ROWS - 1 - row][col] =
     578:	c9 01       	movw	r24, r18
     57a:	82 95       	swap	r24
     57c:	92 95       	swap	r25
     57e:	90 7f       	andi	r25, 0xF0	; 240
     580:	98 27       	eor	r25, r24
     582:	80 7f       	andi	r24, 0xF0	; 240
     584:	98 27       	eor	r25, r24
     586:	8d 58       	subi	r24, 0x8D	; 141
     588:	9d 4f       	sbci	r25, 0xFD	; 253
     58a:	fc 01       	movw	r30, r24
     58c:	e4 0f       	add	r30, r20
     58e:	f5 1f       	adc	r31, r21
     590:	70 83       	st	Z, r23

	// Copy the starting layout (level 1 map) to the board array, and flip
	// all the rows.
	for (uint8_t row = 0; row < MATRIX_NUM_ROWS; row++)
	{
		for (uint8_t col = 0; col < MATRIX_NUM_COLUMNS; col++)
     592:	6f 5f       	subi	r22, 0xFF	; 255
     594:	01 c0       	rjmp	.+2      	; 0x598 <initialise_game+0x60>
     596:	60 e0       	ldi	r22, 0x00	; 0
     598:	60 31       	cpi	r22, 0x10	; 16
     59a:	d0 f2       	brcs	.-76     	; 0x550 <initialise_game+0x18>
	// Make the player icon initially invisible.
	player_visible = false;

	// Copy the starting layout (level 1 map) to the board array, and flip
	// all the rows.
	for (uint8_t row = 0; row < MATRIX_NUM_ROWS; row++)
     59c:	af 5f       	subi	r26, 0xFF	; 255
     59e:	a8 30       	cpi	r26, 0x08	; 8
     5a0:	d0 f3       	brcs	.-12     	; 0x596 <initialise_game+0x5e>
     5a2:	d0 e0       	ldi	r29, 0x00	; 0
     5a4:	0a c0       	rjmp	.+20     	; 0x5ba <initialise_game+0x82>
	// Draw the game board (map).
	for (uint8_t row = 0; row < MATRIX_NUM_ROWS; row++)
	{
		for (uint8_t col = 0; col < MATRIX_NUM_COLUMNS; col++)
		{
			paint_square(row, col);
     5a6:	6c 2f       	mov	r22, r28
     5a8:	8d 2f       	mov	r24, r29
     5aa:	0e 94 10 02 	call	0x420	; 0x420 <paint_square>
	}

	// Draw the game board (map).
	for (uint8_t row = 0; row < MATRIX_NUM_ROWS; row++)
	{
		for (uint8_t col = 0; col < MATRIX_NUM_COLUMNS; col++)
     5ae:	cf 5f       	subi	r28, 0xFF	; 255
     5b0:	01 c0       	rjmp	.+2      	; 0x5b4 <initialise_game+0x7c>
     5b2:	c0 e0       	ldi	r28, 0x00	; 0
     5b4:	c0 31       	cpi	r28, 0x10	; 16
     5b6:	b8 f3       	brcs	.-18     	; 0x5a6 <initialise_game+0x6e>
				lv1_layout[row][col];
		}
	}

	// Draw the game board (map).
	for (uint8_t row = 0; row < MATRIX_NUM_ROWS; row++)
     5b8:	df 5f       	subi	r29, 0xFF	; 255
     5ba:	d8 30       	cpi	r29, 0x08	; 8
     5bc:	d0 f3       	brcs	.-12     	; 0x5b2 <initialise_game+0x7a>
		for (uint8_t col = 0; col < MATRIX_NUM_COLUMNS; col++)
		{
			paint_square(row, col);
		}
	}
}
     5be:	df 91       	pop	r29
     5c0:	cf 91       	pop	r28
     5c2:	08 95       	ret

000005c4 <initialise_game2>:

void initialise_game2(void)
{
     5c4:	cf 93       	push	r28
     5c6:	df 93       	push	r29
	#undef W
	#undef T
	#undef B

	// Set the initial player location (for level 2).
	player_row = 6;
     5c8:	86 e0       	ldi	r24, 0x06	; 6
     5ca:	80 93 72 02 	sts	0x0272, r24	; 0x800272 <player_row>
	player_col = 15;
     5ce:	8f e0       	ldi	r24, 0x0F	; 15
     5d0:	80 93 71 02 	sts	0x0271, r24	; 0x800271 <player_col>

	// Make the player icon initially invisible.
	player_visible = false;
     5d4:	10 92 70 02 	sts	0x0270, r1	; 0x800270 <player_visible>

	// Copy the starting layout (level 1 map) to the board array, and flip
	// all the rows.
	for (uint8_t row = 0; row < MATRIX_NUM_ROWS; row++)
     5d8:	a0 e0       	ldi	r26, 0x00	; 0
     5da:	27 c0       	rjmp	.+78     	; 0x62a <initialise_game2+0x66>
	{
		for (uint8_t col = 0; col < MATRIX_NUM_COLUMNS; col++)
		{
			board[MATRIX_NUM_ROWS - 1 - row][col] =
     5dc:	8a 2f       	mov	r24, r26
     5de:	90 e0       	ldi	r25, 0x00	; 0
     5e0:	27 e0       	ldi	r18, 0x07	; 7
     5e2:	30 e0       	ldi	r19, 0x00	; 0
     5e4:	28 1b       	sub	r18, r24
     5e6:	39 0b       	sbc	r19, r25
				lv2_layout[row][col];
     5e8:	46 2f       	mov	r20, r22
     5ea:	50 e0       	ldi	r21, 0x00	; 0
     5ec:	fc 01       	movw	r30, r24
     5ee:	e2 95       	swap	r30
     5f0:	f2 95       	swap	r31
     5f2:	f0 7f       	andi	r31, 0xF0	; 240
     5f4:	fe 27       	eor	r31, r30
     5f6:	e0 7f       	andi	r30, 0xF0	; 240
     5f8:	fe 27       	eor	r31, r30
     5fa:	ee 5d       	subi	r30, 0xDE	; 222
     5fc:	fe 4f       	sbci	r31, 0xFE	; 254
     5fe:	e4 0f       	add	r30, r20
     600:	f5 1f       	adc	r31, r21
     602:	70 81       	ld	r23, Z
	// all the rows.
	for (uint8_t row = 0; row < MATRIX_NUM_ROWS; row++)
	{
		for (uint8_t col = 0; col < MATRIX_NUM_COLUMNS; col++)
		{
			board[MATRIX_NUM_ROWS - 1 - row][col] =
     604:	c9 01       	movw	r24, r18
     606:	82 95       	swap	r24
     608:	92 95       	swap	r25
     60a:	90 7f       	andi	r25, 0xF0	; 240
     60c:	98 27       	eor	r25, r24
     60e:	80 7f       	andi	r24, 0xF0	; 240
     610:	98 27       	eor	r25, r24
     612:	8d 58       	subi	r24, 0x8D	; 141
     614:	9d 4f       	sbci	r25, 0xFD	; 253
     616:	fc 01       	movw	r30, r24
     618:	e4 0f       	add	r30, r20
     61a:	f5 1f       	adc	r31, r21
     61c:	70 83       	st	Z, r23

	// Copy the starting layout (level 1 map) to the board array, and flip
	// all the rows.
	for (uint8_t row = 0; row < MATRIX_NUM_ROWS; row++)
	{
		for (uint8_t col = 0; col < MATRIX_NUM_COLUMNS; col++)
     61e:	6f 5f       	subi	r22, 0xFF	; 255
     620:	01 c0       	rjmp	.+2      	; 0x624 <initialise_game2+0x60>
     622:	60 e0       	ldi	r22, 0x00	; 0
     624:	60 31       	cpi	r22, 0x10	; 16
     626:	d0 f2       	brcs	.-76     	; 0x5dc <initialise_game2+0x18>
	// Make the player icon initially invisible.
	player_visible = false;

	// Copy the starting layout (level 1 map) to the board array, and flip
	// all the rows.
	for (uint8_t row = 0; row < MATRIX_NUM_ROWS; row++)
     628:	af 5f       	subi	r26, 0xFF	; 255
     62a:	a8 30       	cpi	r26, 0x08	; 8
     62c:	d0 f3       	brcs	.-12     	; 0x622 <initialise_game2+0x5e>
     62e:	d0 e0       	ldi	r29, 0x00	; 0
     630:	0a c0       	rjmp	.+20     	; 0x646 <initialise_game2+0x82>
	// Draw the game board (map).
	for (uint8_t row = 0; row < MATRIX_NUM_ROWS; row++)
	{
		for (uint8_t col = 0; col < MATRIX_NUM_COLUMNS; col++)
		{
			paint_square(row, col);
     632:	6c 2f       	mov	r22, r28
     634:	8d 2f       	mov	r24, r29
     636:	0e 94 10 02 	call	0x420	; 0x420 <paint_square>
	}

	// Draw the game board (map).
	for (uint8_t row = 0; row < MATRIX_NUM_ROWS; row++)
	{
		for (uint8_t col = 0; col < MATRIX_NUM_COLUMNS; col++)
     63a:	cf 5f       	subi	r28, 0xFF	; 255
     63c:	01 c0       	rjmp	.+2      	; 0x640 <initialise_game2+0x7c>
     63e:	c0 e0       	ldi	r28, 0x00	; 0
     640:	c0 31       	cpi	r28, 0x10	; 16
     642:	b8 f3       	brcs	.-18     	; 0x632 <initialise_game2+0x6e>
				lv2_layout[row][col];
		}
	}

	// Draw the game board (map).
	for (uint8_t row = 0; row < MATRIX_NUM_ROWS; row++)
     644:	df 5f       	subi	r29, 0xFF	; 255
     646:	d8 30       	cpi	r29, 0x08	; 8
     648:	d0 f3       	brcs	.-12     	; 0x63e <initialise_game2+0x7a>
		for (uint8_t col = 0; col < MATRIX_NUM_COLUMNS; col++)
		{
			paint_square(row, col);
		}
	}
}
     64a:	df 91       	pop	r29
     64c:	cf 91       	pop	r28
     64e:	08 95       	ret

00000650 <flash_player>:
// currently not visible, it is set to visible and rendered on the display.
// The static global variable "player_visible" indicates whether the player
// icon is currently visible.
void flash_player(void)
{
	player_visible = !player_visible;
     650:	90 91 70 02 	lds	r25, 0x0270	; 0x800270 <player_visible>
     654:	81 e0       	ldi	r24, 0x01	; 1
     656:	89 27       	eor	r24, r25
     658:	80 93 70 02 	sts	0x0270, r24	; 0x800270 <player_visible>
	if (player_visible)
     65c:	88 23       	and	r24, r24
     65e:	f1 f0       	breq	.+60     	; 0x69c <flash_player+0x4c>
	{
		// The player is visible, paint it with COLOUR_PLAYER.
		ledmatrix_update_pixel(player_row, player_col, COLOUR_PLAYER);
     660:	40 e1       	ldi	r20, 0x10	; 16
     662:	60 91 71 02 	lds	r22, 0x0271	; 0x800271 <player_col>
     666:	80 91 72 02 	lds	r24, 0x0272	; 0x800272 <player_row>
     66a:	0e 94 7e 04 	call	0x8fc	; 0x8fc <ledmatrix_update_pixel>
		move_terminal_cursor(MATRIX_NUM_ROWS - 1 - player_row + 12, player_col + 32);
     66e:	60 91 71 02 	lds	r22, 0x0271	; 0x800271 <player_col>
     672:	70 e0       	ldi	r23, 0x00	; 0
     674:	60 5e       	subi	r22, 0xE0	; 224
     676:	7f 4f       	sbci	r23, 0xFF	; 255
     678:	90 91 72 02 	lds	r25, 0x0272	; 0x800272 <player_row>
     67c:	23 e1       	ldi	r18, 0x13	; 19
     67e:	30 e0       	ldi	r19, 0x00	; 0
     680:	a9 01       	movw	r20, r18
     682:	49 1b       	sub	r20, r25
     684:	51 09       	sbc	r21, r1
     686:	ca 01       	movw	r24, r20
     688:	0e 94 05 0a 	call	0x140a	; 0x140a <move_terminal_cursor>
		
		set_display_attribute(BG_CYAN);
     68c:	8e e2       	ldi	r24, 0x2E	; 46
     68e:	0e 94 34 0a 	call	0x1468	; 0x1468 <set_display_attribute>
		printf(" ");
     692:	80 e2       	ldi	r24, 0x20	; 32
     694:	90 e0       	ldi	r25, 0x00	; 0
     696:	0e 94 a7 0c 	call	0x194e	; 0x194e <putchar>
     69a:	08 95       	ret
	}
	else
	{
		// The player is not visible, paint the underlying square.
		paint_square(player_row, player_col);
     69c:	60 91 71 02 	lds	r22, 0x0271	; 0x800271 <player_col>
     6a0:	80 91 72 02 	lds	r24, 0x0272	; 0x800272 <player_row>
     6a4:	0e 94 10 02 	call	0x420	; 0x420 <paint_square>
     6a8:	08 95       	ret

000006aa <move_player>:
	}
}

// This function handles player movements.
bool move_player(int8_t delta_row, int8_t delta_col)
{
     6aa:	bf 92       	push	r11
     6ac:	cf 92       	push	r12
     6ae:	df 92       	push	r13
     6b0:	ef 92       	push	r14
     6b2:	ff 92       	push	r15
     6b4:	0f 93       	push	r16
     6b6:	1f 93       	push	r17
     6b8:	cf 93       	push	r28
     6ba:	df 93       	push	r29
	// |    message area of the terminal and return a valid indicating a |
	// |    valid move.                                                  |
	// +-----------------------------------------------------------------+

	// <YOUR CODE HERE>
	int8_t new_player_row = player_row + delta_row;
     6bc:	70 91 72 02 	lds	r23, 0x0272	; 0x800272 <player_row>
     6c0:	27 2f       	mov	r18, r23
     6c2:	28 0f       	add	r18, r24
	int8_t new_player_col = player_col + delta_col;
     6c4:	b0 90 71 02 	lds	r11, 0x0271	; 0x800271 <player_col>
     6c8:	9b 2d       	mov	r25, r11
     6ca:	96 0f       	add	r25, r22

	// Handle wrapping around the edges (both positive and negative deltas)
	if (new_player_row >= MATRIX_NUM_ROWS) {
     6cc:	28 30       	cpi	r18, 0x08	; 8
     6ce:	1c f4       	brge	.+6      	; 0x6d6 <move_player+0x2c>
		new_player_row = 0;
		} else if (new_player_row < 0) {
     6d0:	22 23       	and	r18, r18
     6d2:	24 f4       	brge	.+8      	; 0x6dc <move_player+0x32>
     6d4:	02 c0       	rjmp	.+4      	; 0x6da <move_player+0x30>
	int8_t new_player_row = player_row + delta_row;
	int8_t new_player_col = player_col + delta_col;

	// Handle wrapping around the edges (both positive and negative deltas)
	if (new_player_row >= MATRIX_NUM_ROWS) {
		new_player_row = 0;
     6d6:	20 e0       	ldi	r18, 0x00	; 0
     6d8:	01 c0       	rjmp	.+2      	; 0x6dc <move_player+0x32>
		} else if (new_player_row < 0) {
		new_player_row = MATRIX_NUM_ROWS - 1;
     6da:	27 e0       	ldi	r18, 0x07	; 7
	}

	if (new_player_col >= MATRIX_NUM_COLUMNS) {
     6dc:	90 31       	cpi	r25, 0x10	; 16
     6de:	1c f4       	brge	.+6      	; 0x6e6 <move_player+0x3c>
		new_player_col = 0;
		} else if (new_player_col < 0) {
     6e0:	99 23       	and	r25, r25
     6e2:	24 f4       	brge	.+8      	; 0x6ec <move_player+0x42>
     6e4:	02 c0       	rjmp	.+4      	; 0x6ea <move_player+0x40>
		} else if (new_player_row < 0) {
		new_player_row = MATRIX_NUM_ROWS - 1;
	}

	if (new_player_col >= MATRIX_NUM_COLUMNS) {
		new_player_col = 0;
     6e6:	90 e0       	ldi	r25, 0x00	; 0
     6e8:	01 c0       	rjmp	.+2      	; 0x6ec <move_player+0x42>
		} else if (new_player_col < 0) {
		new_player_col = MATRIX_NUM_COLUMNS - 1;
     6ea:	9f e0       	ldi	r25, 0x0F	; 15
	}

	uint8_t target_square = board[new_player_row][new_player_col];
     6ec:	42 2f       	mov	r20, r18
     6ee:	02 2e       	mov	r0, r18
     6f0:	00 0c       	add	r0, r0
     6f2:	55 0b       	sbc	r21, r21
     6f4:	a9 2f       	mov	r26, r25
     6f6:	09 2e       	mov	r0, r25
     6f8:	00 0c       	add	r0, r0
     6fa:	bb 0b       	sbc	r27, r27
     6fc:	fa 01       	movw	r30, r20
     6fe:	e2 95       	swap	r30
     700:	f2 95       	swap	r31
     702:	f0 7f       	andi	r31, 0xF0	; 240
     704:	fe 27       	eor	r31, r30
     706:	e0 7f       	andi	r30, 0xF0	; 240
     708:	fe 27       	eor	r31, r30
     70a:	ed 58       	subi	r30, 0x8D	; 141
     70c:	fd 4f       	sbci	r31, 0xFD	; 253
     70e:	ea 0f       	add	r30, r26
     710:	fb 1f       	adc	r31, r27
     712:	30 81       	ld	r19, Z
	int8_t next_square_row = new_player_row + delta_row;
     714:	f2 2e       	mov	r15, r18
     716:	d8 2f       	mov	r29, r24
     718:	d2 0f       	add	r29, r18
	int8_t next_square_col = new_player_col + delta_col;
     71a:	e9 2e       	mov	r14, r25
     71c:	c6 2f       	mov	r28, r22
     71e:	c9 0f       	add	r28, r25

	// Handle wrapping around for the next square behind the box (for negative deltas as well)
	if (next_square_row >= MATRIX_NUM_ROWS) {
     720:	d8 30       	cpi	r29, 0x08	; 8
     722:	1c f4       	brge	.+6      	; 0x72a <move_player+0x80>
		next_square_row = 0;
		} else if (next_square_row < 0) {
     724:	dd 23       	and	r29, r29
     726:	24 f4       	brge	.+8      	; 0x730 <move_player+0x86>
     728:	02 c0       	rjmp	.+4      	; 0x72e <move_player+0x84>
	int8_t next_square_row = new_player_row + delta_row;
	int8_t next_square_col = new_player_col + delta_col;

	// Handle wrapping around for the next square behind the box (for negative deltas as well)
	if (next_square_row >= MATRIX_NUM_ROWS) {
		next_square_row = 0;
     72a:	d0 e0       	ldi	r29, 0x00	; 0
     72c:	01 c0       	rjmp	.+2      	; 0x730 <move_player+0x86>
		} else if (next_square_row < 0) {
		next_square_row = MATRIX_NUM_ROWS - 1;
     72e:	d7 e0       	ldi	r29, 0x07	; 7
	}

	if (next_square_col >= MATRIX_NUM_COLUMNS) {
     730:	c0 31       	cpi	r28, 0x10	; 16
     732:	1c f4       	brge	.+6      	; 0x73a <move_player+0x90>
		next_square_col = 0;
		} else if (next_square_col < 0) {
     734:	cc 23       	and	r28, r28
     736:	24 f4       	brge	.+8      	; 0x740 <move_player+0x96>
     738:	02 c0       	rjmp	.+4      	; 0x73e <move_player+0x94>
		} else if (next_square_row < 0) {
		next_square_row = MATRIX_NUM_ROWS - 1;
	}

	if (next_square_col >= MATRIX_NUM_COLUMNS) {
		next_square_col = 0;
     73a:	c0 e0       	ldi	r28, 0x00	; 0
     73c:	01 c0       	rjmp	.+2      	; 0x740 <move_player+0x96>
		} else if (next_square_col < 0) {
		next_square_col = MATRIX_NUM_COLUMNS - 1;
     73e:	cf e0       	ldi	r28, 0x0F	; 15
	}

	uint8_t next_square = board[next_square_row][next_square_col];
     740:	0d 2f       	mov	r16, r29
     742:	0d 2e       	mov	r0, r29
     744:	00 0c       	add	r0, r0
     746:	11 0b       	sbc	r17, r17
     748:	cc 2e       	mov	r12, r28
     74a:	0c 2e       	mov	r0, r28
     74c:	00 0c       	add	r0, r0
     74e:	dd 08       	sbc	r13, r13
     750:	f8 01       	movw	r30, r16
     752:	e2 95       	swap	r30
     754:	f2 95       	swap	r31
     756:	f0 7f       	andi	r31, 0xF0	; 240
     758:	fe 27       	eor	r31, r30
     75a:	e0 7f       	andi	r30, 0xF0	; 240
     75c:	fe 27       	eor	r31, r30
     75e:	ed 58       	subi	r30, 0x8D	; 141
     760:	fd 4f       	sbci	r31, 0xFD	; 253
     762:	ec 0d       	add	r30, r12
     764:	fd 1d       	adc	r31, r13
     766:	80 81       	ld	r24, Z

	// Check if the player is moving into a wall
	if (target_square == WALL) {
     768:	31 30       	cpi	r19, 0x01	; 1
     76a:	c9 f4       	brne	.+50     	; 0x79e <move_player+0xf4>
		move_terminal_cursor(5, 32);
     76c:	60 e2       	ldi	r22, 0x20	; 32
     76e:	70 e0       	ldi	r23, 0x00	; 0
     770:	85 e0       	ldi	r24, 0x05	; 5
     772:	90 e0       	ldi	r25, 0x00	; 0
     774:	0e 94 05 0a 	call	0x140a	; 0x140a <move_terminal_cursor>
		clear_to_end_of_line();
     778:	0e 94 2b 0a 	call	0x1456	; 0x1456 <clear_to_end_of_line>
		int randomIndex = rand() % 3;
     77c:	0e 94 e6 0b 	call	0x17cc	; 0x17cc <rand>
     780:	63 e0       	ldi	r22, 0x03	; 3
     782:	70 e0       	ldi	r23, 0x00	; 0
     784:	0e 94 f8 0a 	call	0x15f0	; 0x15f0 <__divmodhi4>
		printf("%s\n", wall_messages[randomIndex]);
     788:	fc 01       	movw	r30, r24
     78a:	ee 0f       	add	r30, r30
     78c:	ff 1f       	adc	r31, r31
     78e:	ec 5f       	subi	r30, 0xFC	; 252
     790:	fe 4f       	sbci	r31, 0xFE	; 254
     792:	80 81       	ld	r24, Z
     794:	91 81       	ldd	r25, Z+1	; 0x01
     796:	0e 94 ae 0c 	call	0x195c	; 0x195c <puts>
		
		return false;
     79a:	80 e0       	ldi	r24, 0x00	; 0
     79c:	70 c0       	rjmp	.+224    	; 0x87e <__DATA_REGION_LENGTH__+0x7e>
	}

	// Check if the player is moving into a box
	if (target_square == BOX || target_square == (BOX | TARGET)) {
     79e:	32 30       	cpi	r19, 0x02	; 2
     7a0:	19 f0       	breq	.+6      	; 0x7a8 <move_player+0xfe>
     7a2:	36 30       	cpi	r19, 0x06	; 6
     7a4:	09 f0       	breq	.+2      	; 0x7a8 <move_player+0xfe>
     7a6:	59 c0       	rjmp	.+178    	; 0x85a <__DATA_REGION_LENGTH__+0x5a>
		// Check if the next square behind the box is a wall or another box
		if (next_square == WALL) {
     7a8:	81 30       	cpi	r24, 0x01	; 1
     7aa:	09 f4       	brne	.+2      	; 0x7ae <move_player+0x104>
     7ac:	63 c0       	rjmp	.+198    	; 0x874 <__DATA_REGION_LENGTH__+0x74>
			return false;
			} else if (next_square == BOX || next_square == (BOX | TARGET)) {
     7ae:	82 30       	cpi	r24, 0x02	; 2
     7b0:	09 f4       	brne	.+2      	; 0x7b4 <move_player+0x10a>
     7b2:	62 c0       	rjmp	.+196    	; 0x878 <__DATA_REGION_LENGTH__+0x78>
     7b4:	86 30       	cpi	r24, 0x06	; 6
     7b6:	09 f4       	brne	.+2      	; 0x7ba <move_player+0x110>
     7b8:	61 c0       	rjmp	.+194    	; 0x87c <__DATA_REGION_LENGTH__+0x7c>
			return false;
			} else if (next_square == TARGET) {
     7ba:	84 30       	cpi	r24, 0x04	; 4
     7bc:	71 f4       	brne	.+28     	; 0x7da <move_player+0x130>
			// Valid push: move the box and the player
			board[next_square_row][next_square_col] = BOX | TARGET;
     7be:	02 95       	swap	r16
     7c0:	12 95       	swap	r17
     7c2:	10 7f       	andi	r17, 0xF0	; 240
     7c4:	10 27       	eor	r17, r16
     7c6:	00 7f       	andi	r16, 0xF0	; 240
     7c8:	10 27       	eor	r17, r16
     7ca:	0d 58       	subi	r16, 0x8D	; 141
     7cc:	1d 4f       	sbci	r17, 0xFD	; 253
     7ce:	f8 01       	movw	r30, r16
     7d0:	ec 0d       	add	r30, r12
     7d2:	fd 1d       	adc	r31, r13
     7d4:	86 e0       	ldi	r24, 0x06	; 6
     7d6:	80 83       	st	Z, r24
     7d8:	0d c0       	rjmp	.+26     	; 0x7f4 <move_player+0x14a>
			} else {
				board[next_square_row][next_square_col] = BOX;
     7da:	02 95       	swap	r16
     7dc:	12 95       	swap	r17
     7de:	10 7f       	andi	r17, 0xF0	; 240
     7e0:	10 27       	eor	r17, r16
     7e2:	00 7f       	andi	r16, 0xF0	; 240
     7e4:	10 27       	eor	r17, r16
     7e6:	0d 58       	subi	r16, 0x8D	; 141
     7e8:	1d 4f       	sbci	r17, 0xFD	; 253
     7ea:	f8 01       	movw	r30, r16
     7ec:	ec 0d       	add	r30, r12
     7ee:	fd 1d       	adc	r31, r13
     7f0:	82 e0       	ldi	r24, 0x02	; 2
     7f2:	80 83       	st	Z, r24
			}

			// Update the old box position to ROOM or TARGET
			if (target_square == (BOX | TARGET)) {
     7f4:	36 30       	cpi	r19, 0x06	; 6
     7f6:	69 f4       	brne	.+26     	; 0x812 <__DATA_REGION_LENGTH__+0x12>
				board[new_player_row][new_player_col] = TARGET;
     7f8:	42 95       	swap	r20
     7fa:	52 95       	swap	r21
     7fc:	50 7f       	andi	r21, 0xF0	; 240
     7fe:	54 27       	eor	r21, r20
     800:	40 7f       	andi	r20, 0xF0	; 240
     802:	54 27       	eor	r21, r20
     804:	4d 58       	subi	r20, 0x8D	; 141
     806:	5d 4f       	sbci	r21, 0xFD	; 253
     808:	a4 0f       	add	r26, r20
     80a:	b5 1f       	adc	r27, r21
     80c:	84 e0       	ldi	r24, 0x04	; 4
     80e:	8c 93       	st	X, r24
     810:	24 c0       	rjmp	.+72     	; 0x85a <__DATA_REGION_LENGTH__+0x5a>
			} else {
				board[new_player_row][new_player_col] = ROOM;
     812:	42 95       	swap	r20
     814:	52 95       	swap	r21
     816:	50 7f       	andi	r21, 0xF0	; 240
     818:	54 27       	eor	r21, r20
     81a:	40 7f       	andi	r20, 0xF0	; 240
     81c:	54 27       	eor	r21, r20
     81e:	4d 58       	subi	r20, 0x8D	; 141
     820:	5d 4f       	sbci	r21, 0xFD	; 253
     822:	a4 0f       	add	r26, r20
     824:	b5 1f       	adc	r27, r21
     826:	1c 92       	st	X, r1
			// Handle target square color change
			if (next_square == TARGET) {
			}

			// Before moving the player, clear the old player position
			paint_square(player_row, player_col);
     828:	6b 2d       	mov	r22, r11
     82a:	87 2f       	mov	r24, r23
     82c:	0e 94 10 02 	call	0x420	; 0x420 <paint_square>

			// Move the player to the original position of the box
			player_visible = true;
     830:	81 e0       	ldi	r24, 0x01	; 1
     832:	80 93 70 02 	sts	0x0270, r24	; 0x800270 <player_visible>
			flash_player();
     836:	0e 94 28 03 	call	0x650	; 0x650 <flash_player>
			player_row = new_player_row;
     83a:	f0 92 72 02 	sts	0x0272, r15	; 0x800272 <player_row>
			player_col = new_player_col;
     83e:	e0 92 71 02 	sts	0x0271, r14	; 0x800271 <player_col>

			// Update display
			paint_square(player_row, player_col);  // Paint player's new position
     842:	6e 2d       	mov	r22, r14
     844:	8f 2d       	mov	r24, r15
     846:	0e 94 10 02 	call	0x420	; 0x420 <paint_square>
			paint_square(next_square_row, next_square_col);  // Paint the new box position
     84a:	6c 2f       	mov	r22, r28
     84c:	8d 2f       	mov	r24, r29
     84e:	0e 94 10 02 	call	0x420	; 0x420 <paint_square>
			flash_player();  // Update player visibility
     852:	0e 94 28 03 	call	0x650	; 0x650 <flash_player>
			return true;
     856:	81 e0       	ldi	r24, 0x01	; 1
     858:	12 c0       	rjmp	.+36     	; 0x87e <__DATA_REGION_LENGTH__+0x7e>
		}
	}

	// Handle normal movement (no boxes involved)
	// Before moving the player, clear the old player position
	player_visible = true;
     85a:	81 e0       	ldi	r24, 0x01	; 1
     85c:	80 93 70 02 	sts	0x0270, r24	; 0x800270 <player_visible>
	flash_player();
     860:	0e 94 28 03 	call	0x650	; 0x650 <flash_player>

	player_row = new_player_row;
     864:	f0 92 72 02 	sts	0x0272, r15	; 0x800272 <player_row>
	player_col = new_player_col;
     868:	e0 92 71 02 	sts	0x0271, r14	; 0x800271 <player_col>
	flash_player();  // Update player visibility
     86c:	0e 94 28 03 	call	0x650	; 0x650 <flash_player>
	return true;
     870:	81 e0       	ldi	r24, 0x01	; 1
     872:	05 c0       	rjmp	.+10     	; 0x87e <__DATA_REGION_LENGTH__+0x7e>

	// Check if the player is moving into a box
	if (target_square == BOX || target_square == (BOX | TARGET)) {
		// Check if the next square behind the box is a wall or another box
		if (next_square == WALL) {
			return false;
     874:	80 e0       	ldi	r24, 0x00	; 0
     876:	03 c0       	rjmp	.+6      	; 0x87e <__DATA_REGION_LENGTH__+0x7e>
			} else if (next_square == BOX || next_square == (BOX | TARGET)) {
			return false;
     878:	80 e0       	ldi	r24, 0x00	; 0
     87a:	01 c0       	rjmp	.+2      	; 0x87e <__DATA_REGION_LENGTH__+0x7e>
     87c:	80 e0       	ldi	r24, 0x00	; 0

	player_row = new_player_row;
	player_col = new_player_col;
	flash_player();  // Update player visibility
	return true;
}
     87e:	df 91       	pop	r29
     880:	cf 91       	pop	r28
     882:	1f 91       	pop	r17
     884:	0f 91       	pop	r16
     886:	ff 90       	pop	r15
     888:	ef 90       	pop	r14
     88a:	df 90       	pop	r13
     88c:	cf 90       	pop	r12
     88e:	bf 90       	pop	r11
     890:	08 95       	ret

00000892 <is_game_over>:

// This function checks if the game is over (i.e., the level is solved), and
// returns true iff (if and only if) the game is over.
bool is_game_over(void) {
	// <YOUR CODE HERE>.
	for (int i = 0; i < 8; i++) {
     892:	40 e0       	ldi	r20, 0x00	; 0
     894:	50 e0       	ldi	r21, 0x00	; 0
     896:	17 c0       	rjmp	.+46     	; 0x8c6 <is_game_over+0x34>
		for (int j = 0; j < 16; j++) {
			if (board[i][j] == TARGET) {
     898:	fa 01       	movw	r30, r20
     89a:	e2 95       	swap	r30
     89c:	f2 95       	swap	r31
     89e:	f0 7f       	andi	r31, 0xF0	; 240
     8a0:	fe 27       	eor	r31, r30
     8a2:	e0 7f       	andi	r30, 0xF0	; 240
     8a4:	fe 27       	eor	r31, r30
     8a6:	ed 58       	subi	r30, 0x8D	; 141
     8a8:	fd 4f       	sbci	r31, 0xFD	; 253
     8aa:	e8 0f       	add	r30, r24
     8ac:	f9 1f       	adc	r31, r25
     8ae:	20 81       	ld	r18, Z
     8b0:	24 30       	cpi	r18, 0x04	; 4
     8b2:	71 f0       	breq	.+28     	; 0x8d0 <is_game_over+0x3e>
// This function checks if the game is over (i.e., the level is solved), and
// returns true iff (if and only if) the game is over.
bool is_game_over(void) {
	// <YOUR CODE HERE>.
	for (int i = 0; i < 8; i++) {
		for (int j = 0; j < 16; j++) {
     8b4:	01 96       	adiw	r24, 0x01	; 1
     8b6:	02 c0       	rjmp	.+4      	; 0x8bc <is_game_over+0x2a>
     8b8:	80 e0       	ldi	r24, 0x00	; 0
     8ba:	90 e0       	ldi	r25, 0x00	; 0
     8bc:	80 31       	cpi	r24, 0x10	; 16
     8be:	91 05       	cpc	r25, r1
     8c0:	5c f3       	brlt	.-42     	; 0x898 <is_game_over+0x6>

// This function checks if the game is over (i.e., the level is solved), and
// returns true iff (if and only if) the game is over.
bool is_game_over(void) {
	// <YOUR CODE HERE>.
	for (int i = 0; i < 8; i++) {
     8c2:	4f 5f       	subi	r20, 0xFF	; 255
     8c4:	5f 4f       	sbci	r21, 0xFF	; 255
     8c6:	48 30       	cpi	r20, 0x08	; 8
     8c8:	51 05       	cpc	r21, r1
     8ca:	b4 f3       	brlt	.-20     	; 0x8b8 <is_game_over+0x26>
			if (board[i][j] == TARGET) {
				return false;
			}
		}
	}
	return true;
     8cc:	81 e0       	ldi	r24, 0x01	; 1
     8ce:	08 95       	ret
bool is_game_over(void) {
	// <YOUR CODE HERE>.
	for (int i = 0; i < 8; i++) {
		for (int j = 0; j < 16; j++) {
			if (board[i][j] == TARGET) {
				return false;
     8d0:	80 e0       	ldi	r24, 0x00	; 0
			}
		}
	}
	return true;
}
     8d2:	08 95       	ret

000008d4 <hides_player_when_game_over>:
void hides_player_when_game_over(void) {
	board[player_row][player_col] = ROOM;
     8d4:	80 91 72 02 	lds	r24, 0x0272	; 0x800272 <player_row>
     8d8:	60 91 71 02 	lds	r22, 0x0271	; 0x800271 <player_col>
     8dc:	90 e1       	ldi	r25, 0x10	; 16
     8de:	89 9f       	mul	r24, r25
     8e0:	f0 01       	movw	r30, r0
     8e2:	11 24       	eor	r1, r1
     8e4:	ed 58       	subi	r30, 0x8D	; 141
     8e6:	fd 4f       	sbci	r31, 0xFD	; 253
     8e8:	e6 0f       	add	r30, r22
     8ea:	f1 1d       	adc	r31, r1
     8ec:	10 82       	st	Z, r1
	paint_square(player_row, player_col);
     8ee:	0e 94 10 02 	call	0x420	; 0x420 <paint_square>
     8f2:	08 95       	ret

000008f4 <init_ledmatrix>:
}

void ledmatrix_shift_display_down(void)
{
	(void)spi_send_byte(CMD_SHIFT_DISPLAY);
	(void)spi_send_byte(0x04);
     8f4:	80 e8       	ldi	r24, 0x80	; 128
     8f6:	0e 94 0f 08 	call	0x101e	; 0x101e <spi_setup_master>
     8fa:	08 95       	ret

000008fc <ledmatrix_update_pixel>:
     8fc:	1f 93       	push	r17
     8fe:	cf 93       	push	r28
     900:	df 93       	push	r29
     902:	60 31       	cpi	r22, 0x10	; 16
     904:	b0 f4       	brcc	.+44     	; 0x932 <__stack+0x33>
     906:	88 30       	cpi	r24, 0x08	; 8
     908:	a0 f4       	brcc	.+40     	; 0x932 <__stack+0x33>
     90a:	14 2f       	mov	r17, r20
     90c:	d6 2f       	mov	r29, r22
     90e:	c8 2f       	mov	r28, r24
     910:	81 e0       	ldi	r24, 0x01	; 1
     912:	0e 94 3b 08 	call	0x1076	; 0x1076 <spi_send_byte>
     916:	8c 2f       	mov	r24, r28
     918:	87 70       	andi	r24, 0x07	; 7
     91a:	20 e1       	ldi	r18, 0x10	; 16
     91c:	82 9f       	mul	r24, r18
     91e:	c0 01       	movw	r24, r0
     920:	11 24       	eor	r1, r1
     922:	6d 2f       	mov	r22, r29
     924:	6f 70       	andi	r22, 0x0F	; 15
     926:	86 2b       	or	r24, r22
     928:	0e 94 3b 08 	call	0x1076	; 0x1076 <spi_send_byte>
     92c:	81 2f       	mov	r24, r17
     92e:	0e 94 3b 08 	call	0x1076	; 0x1076 <spi_send_byte>
     932:	df 91       	pop	r29
     934:	cf 91       	pop	r28
     936:	1f 91       	pop	r17
     938:	08 95       	ret

0000093a <ledmatrix_update_column>:
     93a:	0f 93       	push	r16
     93c:	1f 93       	push	r17
     93e:	cf 93       	push	r28
     940:	80 31       	cpi	r24, 0x10	; 16
     942:	a0 f4       	brcc	.+40     	; 0x96c <ledmatrix_update_column+0x32>
     944:	8b 01       	movw	r16, r22
     946:	c8 2f       	mov	r28, r24
     948:	83 e0       	ldi	r24, 0x03	; 3
     94a:	0e 94 3b 08 	call	0x1076	; 0x1076 <spi_send_byte>
     94e:	8c 2f       	mov	r24, r28
     950:	8f 70       	andi	r24, 0x0F	; 15
     952:	0e 94 3b 08 	call	0x1076	; 0x1076 <spi_send_byte>
     956:	c0 e0       	ldi	r28, 0x00	; 0
     958:	07 c0       	rjmp	.+14     	; 0x968 <ledmatrix_update_column+0x2e>
     95a:	f8 01       	movw	r30, r16
     95c:	ec 0f       	add	r30, r28
     95e:	f1 1d       	adc	r31, r1
     960:	80 81       	ld	r24, Z
     962:	0e 94 3b 08 	call	0x1076	; 0x1076 <spi_send_byte>
     966:	cf 5f       	subi	r28, 0xFF	; 255
     968:	c8 30       	cpi	r28, 0x08	; 8
     96a:	b8 f3       	brcs	.-18     	; 0x95a <ledmatrix_update_column+0x20>
     96c:	cf 91       	pop	r28
     96e:	1f 91       	pop	r17
     970:	0f 91       	pop	r16
     972:	08 95       	ret

00000974 <ledmatrix_shift_display_left>:
     974:	84 e0       	ldi	r24, 0x04	; 4
     976:	0e 94 3b 08 	call	0x1076	; 0x1076 <spi_send_byte>
     97a:	82 e0       	ldi	r24, 0x02	; 2
     97c:	0e 94 3b 08 	call	0x1076	; 0x1076 <spi_send_byte>
     980:	08 95       	ret

00000982 <ledmatrix_clear>:
}

void ledmatrix_clear(void)
{
	(void)spi_send_byte(CMD_CLEAR_SCREEN);
     982:	8f e0       	ldi	r24, 0x0F	; 15
     984:	0e 94 3b 08 	call	0x1076	; 0x1076 <spi_send_byte>
     988:	08 95       	ret

0000098a <initialise_hardware>:
	}
}

void initialise_hardware(void)
{
	init_ledmatrix();
     98a:	0e 94 7a 04 	call	0x8f4	; 0x8f4 <init_ledmatrix>
	init_buttons();
     98e:	0e 94 8b 01 	call	0x316	; 0x316 <init_buttons>
	init_serial_stdio(19200, false);
     992:	40 e0       	ldi	r20, 0x00	; 0
     994:	60 e0       	ldi	r22, 0x00	; 0
     996:	7b e4       	ldi	r23, 0x4B	; 75
     998:	80 e0       	ldi	r24, 0x00	; 0
     99a:	90 e0       	ldi	r25, 0x00	; 0
     99c:	0e 94 bc 07 	call	0xf78	; 0xf78 <init_serial_stdio>
	init_timer0();
     9a0:	0e 94 4a 0a 	call	0x1494	; 0x1494 <init_timer0>
	init_timer1();
     9a4:	0e 94 95 0a 	call	0x152a	; 0x152a <init_timer1>
	init_timer2();
     9a8:	0e 94 9a 0a 	call	0x1534	; 0x1534 <init_timer2>

	// Turn on global interrupts.
	sei();
     9ac:	78 94       	sei
     9ae:	08 95       	ret

000009b0 <new_game2>:


void new_game2(void)
{
	// Clear the serial terminal.
	hide_cursor();
     9b0:	0e 94 41 0a 	call	0x1482	; 0x1482 <hide_cursor>
	clear_terminal();
     9b4:	0e 94 22 0a 	call	0x1444	; 0x1444 <clear_terminal>

	// Initialise the game and display.
	initialise_game2();
     9b8:	0e 94 e2 02 	call	0x5c4	; 0x5c4 <initialise_game2>

	// Clear all button presses and serial inputs, so that potentially
	// buffered inputs aren't going to make it to the new game.
	clear_button_presses();
     9bc:	0e 94 c2 01 	call	0x384	; 0x384 <clear_button_presses>
	clear_serial_input_buffer();
     9c0:	0e 94 0a 08 	call	0x1014	; 0x1014 <clear_serial_input_buffer>
     9c4:	08 95       	ret

000009c6 <new_game>:
}

void new_game(void)
{
	// Clear the serial terminal.
	hide_cursor();
     9c6:	0e 94 41 0a 	call	0x1482	; 0x1482 <hide_cursor>
	clear_terminal();
     9ca:	0e 94 22 0a 	call	0x1444	; 0x1444 <clear_terminal>

	// Initialise the game and display.
	initialise_game();
     9ce:	0e 94 9c 02 	call	0x538	; 0x538 <initialise_game>

	// Clear all button presses and serial inputs, so that potentially
	// buffered inputs aren't going to make it to the new game.
	clear_button_presses();
     9d2:	0e 94 c2 01 	call	0x384	; 0x384 <clear_button_presses>
	clear_serial_input_buffer();
     9d6:	0e 94 0a 08 	call	0x1014	; 0x1014 <clear_serial_input_buffer>
     9da:	08 95       	ret

000009dc <play_game>:
}



void play_game(void)
{
     9dc:	4f 92       	push	r4
     9de:	5f 92       	push	r5
     9e0:	6f 92       	push	r6
     9e2:	7f 92       	push	r7
     9e4:	8f 92       	push	r8
     9e6:	9f 92       	push	r9
     9e8:	af 92       	push	r10
     9ea:	bf 92       	push	r11
     9ec:	cf 92       	push	r12
     9ee:	df 92       	push	r13
     9f0:	ef 92       	push	r14
     9f2:	ff 92       	push	r15
     9f4:	cf 93       	push	r28
     9f6:	df 93       	push	r29
     9f8:	00 d0       	rcall	.+0      	; 0x9fa <play_game+0x1e>
     9fa:	00 d0       	rcall	.+0      	; 0x9fc <play_game+0x20>
     9fc:	1f 92       	push	r1
     9fe:	cd b7       	in	r28, 0x3d	; 61
     a00:	de b7       	in	r29, 0x3e	; 62
	uint32_t last_flash_time = get_current_time();
     a02:	0e 94 60 0a 	call	0x14c0	; 0x14c0 <get_current_time>
     a06:	4b 01       	movw	r8, r22
     a08:	5c 01       	movw	r10, r24
	uint32_t level_start_time = get_current_time();
     a0a:	0e 94 60 0a 	call	0x14c0	; 0x14c0 <get_current_time>
     a0e:	2b 01       	movw	r4, r22
     a10:	3c 01       	movw	r6, r24
	uint32_t last_displayed_time = 0;
	
	if (serial_input_available())
     a12:	0e 94 03 08 	call	0x1006	; 0x1006 <serial_input_available>
     a16:	88 23       	and	r24, r24
     a18:	91 f0       	breq	.+36     	; 0xa3e <play_game+0x62>
		{

			int serial_input = fgetc(stdin);
     a1a:	80 91 1b 04 	lds	r24, 0x041B	; 0x80041b <__iob>
     a1e:	90 91 1c 04 	lds	r25, 0x041C	; 0x80041c <__iob+0x1>
     a22:	0e 94 07 0c 	call	0x180e	; 0x180e <fgetc>

			if (serial_input == 'p' || serial_input == 'P')
     a26:	80 37       	cpi	r24, 0x70	; 112
     a28:	91 05       	cpc	r25, r1
     a2a:	19 f0       	breq	.+6      	; 0xa32 <play_game+0x56>
     a2c:	80 35       	cpi	r24, 0x50	; 80
     a2e:	91 05       	cpc	r25, r1
     a30:	31 f4       	brne	.+12     	; 0xa3e <play_game+0x62>
			{
				is_paused = !is_paused;
     a32:	90 91 f3 02 	lds	r25, 0x02F3	; 0x8002f3 <is_paused>
     a36:	81 e0       	ldi	r24, 0x01	; 1
     a38:	89 27       	eor	r24, r25
     a3a:	80 93 f3 02 	sts	0x02F3, r24	; 0x8002f3 <is_paused>
		
		if (elapsed_seconds != last_displayed_time)
		{
			move_terminal_cursor(8, 32);
			printf_P(PSTR("Elapsed time: %lu s"), elapsed_seconds);
			last_displayed_time = elapsed_seconds;
     a3e:	19 82       	std	Y+1, r1	; 0x01
     a40:	1a 82       	std	Y+2, r1	; 0x02
     a42:	1b 82       	std	Y+3, r1	; 0x03
     a44:	1c 82       	std	Y+4, r1	; 0x04
     a46:	c7 c0       	rjmp	.+398    	; 0xbd6 <play_game+0x1fa>
	{
		// We need to check if any buttons have been pushed, this will
		// be NO_BUTTON_PUSHED if no button has been pushed. If button
		// 0 has been pushed, we get BUTTON0_PUSHED, and likewise, if
		// button 1 has been pushed, we get BUTTON1_PUSHED, and so on.
		ButtonState btn = button_pushed();
     a48:	0e 94 9d 01 	call	0x33a	; 0x33a <button_pushed>
     a4c:	8d 83       	std	Y+5, r24	; 0x05
		if (btn == BUTTON0_PUSHED)
     a4e:	81 11       	cpse	r24, r1
     a50:	09 c0       	rjmp	.+18     	; 0xa64 <play_game+0x88>
		{
			// Move the player, see move_player(...) in game.c.
			// Also remember to reset the flash cycle here.
			if (move_player(0, 1) == true) {
     a52:	61 e0       	ldi	r22, 0x01	; 1
     a54:	0e 94 55 03 	call	0x6aa	; 0x6aa <move_player>
     a58:	88 23       	and	r24, r24
     a5a:	21 f0       	breq	.+8      	; 0xa64 <play_game+0x88>
				last_flash_time = get_current_time();
     a5c:	0e 94 60 0a 	call	0x14c0	; 0x14c0 <get_current_time>
     a60:	4b 01       	movw	r8, r22
     a62:	5c 01       	movw	r10, r24
			else {;}
			
		}
		// Now, repeat for the other buttons, and combine with serial
		// inputs.
		if (btn == BUTTON1_PUSHED)
     a64:	8d 81       	ldd	r24, Y+5	; 0x05
     a66:	81 30       	cpi	r24, 0x01	; 1
     a68:	51 f4       	brne	.+20     	; 0xa7e <play_game+0xa2>
		{
			// Move the player, see move_player(...) in game.c.
			// Also remember to reset the flash cycle here.
			if (move_player(-1, 0) == true) {
     a6a:	60 e0       	ldi	r22, 0x00	; 0
     a6c:	8f ef       	ldi	r24, 0xFF	; 255
     a6e:	0e 94 55 03 	call	0x6aa	; 0x6aa <move_player>
     a72:	88 23       	and	r24, r24
     a74:	21 f0       	breq	.+8      	; 0xa7e <play_game+0xa2>
				last_flash_time = get_current_time();
     a76:	0e 94 60 0a 	call	0x14c0	; 0x14c0 <get_current_time>
     a7a:	4b 01       	movw	r8, r22
     a7c:	5c 01       	movw	r10, r24
			}
			else {;}
			
		}
		if (btn == BUTTON2_PUSHED)
     a7e:	9d 81       	ldd	r25, Y+5	; 0x05
     a80:	92 30       	cpi	r25, 0x02	; 2
     a82:	51 f4       	brne	.+20     	; 0xa98 <play_game+0xbc>
		{
			// Move the player, see move_player(...) in game.c.
			// Also remember to reset the flash cycle here.
			if (move_player(1, 0) == true) {
     a84:	60 e0       	ldi	r22, 0x00	; 0
     a86:	81 e0       	ldi	r24, 0x01	; 1
     a88:	0e 94 55 03 	call	0x6aa	; 0x6aa <move_player>
     a8c:	88 23       	and	r24, r24
     a8e:	21 f0       	breq	.+8      	; 0xa98 <play_game+0xbc>
				last_flash_time = get_current_time();
     a90:	0e 94 60 0a 	call	0x14c0	; 0x14c0 <get_current_time>
     a94:	4b 01       	movw	r8, r22
     a96:	5c 01       	movw	r10, r24
			}
			else {;}
		}
		if (btn == BUTTON3_PUSHED)
     a98:	ad 81       	ldd	r26, Y+5	; 0x05
     a9a:	a3 30       	cpi	r26, 0x03	; 3
     a9c:	51 f4       	brne	.+20     	; 0xab2 <play_game+0xd6>
		{
			// Move the player, see move_player(...) in game.c.
			// Also remember to reset the flash cycle here.
			if (move_player(0, -1) == true) {
     a9e:	6f ef       	ldi	r22, 0xFF	; 255
     aa0:	80 e0       	ldi	r24, 0x00	; 0
     aa2:	0e 94 55 03 	call	0x6aa	; 0x6aa <move_player>
     aa6:	88 23       	and	r24, r24
     aa8:	21 f0       	breq	.+8      	; 0xab2 <play_game+0xd6>
				last_flash_time = get_current_time();
     aaa:	0e 94 60 0a 	call	0x14c0	; 0x14c0 <get_current_time>
     aae:	4b 01       	movw	r8, r22
     ab0:	5c 01       	movw	r10, r24
			}
			else {;}
		}
		
		if (serial_input_available()) {
     ab2:	0e 94 03 08 	call	0x1006	; 0x1006 <serial_input_available>
     ab6:	88 23       	and	r24, r24
     ab8:	09 f4       	brne	.+2      	; 0xabc <play_game+0xe0>
     aba:	49 c0       	rjmp	.+146    	; 0xb4e <play_game+0x172>
			int serial_input = fgetc(stdin);
     abc:	80 91 1b 04 	lds	r24, 0x041B	; 0x80041b <__iob>
     ac0:	90 91 1c 04 	lds	r25, 0x041C	; 0x80041c <__iob+0x1>
     ac4:	0e 94 07 0c 	call	0x180e	; 0x180e <fgetc>
			if (serial_input == 's' || serial_input == 'S') {
     ac8:	83 37       	cpi	r24, 0x73	; 115
     aca:	91 05       	cpc	r25, r1
     acc:	19 f0       	breq	.+6      	; 0xad4 <play_game+0xf8>
     ace:	83 35       	cpi	r24, 0x53	; 83
     ad0:	91 05       	cpc	r25, r1
     ad2:	59 f4       	brne	.+22     	; 0xaea <play_game+0x10e>
				if (move_player(-1, 0) == true) {
     ad4:	60 e0       	ldi	r22, 0x00	; 0
     ad6:	8f ef       	ldi	r24, 0xFF	; 255
     ad8:	0e 94 55 03 	call	0x6aa	; 0x6aa <move_player>
     adc:	88 23       	and	r24, r24
     ade:	b9 f1       	breq	.+110    	; 0xb4e <play_game+0x172>
					last_flash_time = get_current_time();
     ae0:	0e 94 60 0a 	call	0x14c0	; 0x14c0 <get_current_time>
     ae4:	4b 01       	movw	r8, r22
     ae6:	5c 01       	movw	r10, r24
     ae8:	32 c0       	rjmp	.+100    	; 0xb4e <play_game+0x172>
				}
				else {;}
			} else if (serial_input == 'w' || serial_input == 'W') {
     aea:	87 37       	cpi	r24, 0x77	; 119
     aec:	91 05       	cpc	r25, r1
     aee:	19 f0       	breq	.+6      	; 0xaf6 <play_game+0x11a>
     af0:	87 35       	cpi	r24, 0x57	; 87
     af2:	91 05       	cpc	r25, r1
     af4:	59 f4       	brne	.+22     	; 0xb0c <play_game+0x130>
				if (move_player(1, 0) == true) {
     af6:	60 e0       	ldi	r22, 0x00	; 0
     af8:	81 e0       	ldi	r24, 0x01	; 1
     afa:	0e 94 55 03 	call	0x6aa	; 0x6aa <move_player>
     afe:	88 23       	and	r24, r24
     b00:	31 f1       	breq	.+76     	; 0xb4e <play_game+0x172>
					last_flash_time = get_current_time();
     b02:	0e 94 60 0a 	call	0x14c0	; 0x14c0 <get_current_time>
     b06:	4b 01       	movw	r8, r22
     b08:	5c 01       	movw	r10, r24
     b0a:	21 c0       	rjmp	.+66     	; 0xb4e <play_game+0x172>
				}
				else {;}
			} else if (serial_input == 'a' || serial_input == 'A') {
     b0c:	81 36       	cpi	r24, 0x61	; 97
     b0e:	91 05       	cpc	r25, r1
     b10:	19 f0       	breq	.+6      	; 0xb18 <play_game+0x13c>
     b12:	81 34       	cpi	r24, 0x41	; 65
     b14:	91 05       	cpc	r25, r1
     b16:	59 f4       	brne	.+22     	; 0xb2e <play_game+0x152>
				if (move_player(0, -1) == true) {
     b18:	6f ef       	ldi	r22, 0xFF	; 255
     b1a:	80 e0       	ldi	r24, 0x00	; 0
     b1c:	0e 94 55 03 	call	0x6aa	; 0x6aa <move_player>
     b20:	88 23       	and	r24, r24
     b22:	a9 f0       	breq	.+42     	; 0xb4e <play_game+0x172>
					last_flash_time = get_current_time();
     b24:	0e 94 60 0a 	call	0x14c0	; 0x14c0 <get_current_time>
     b28:	4b 01       	movw	r8, r22
     b2a:	5c 01       	movw	r10, r24
     b2c:	10 c0       	rjmp	.+32     	; 0xb4e <play_game+0x172>
				}
				else {;}
			} else if (serial_input == 'd' || serial_input == 'D') {
     b2e:	84 36       	cpi	r24, 0x64	; 100
     b30:	91 05       	cpc	r25, r1
     b32:	19 f0       	breq	.+6      	; 0xb3a <play_game+0x15e>
     b34:	84 34       	cpi	r24, 0x44	; 68
     b36:	91 05       	cpc	r25, r1
     b38:	51 f4       	brne	.+20     	; 0xb4e <play_game+0x172>
				if (move_player(0, 1) == true) {
     b3a:	61 e0       	ldi	r22, 0x01	; 1
     b3c:	80 e0       	ldi	r24, 0x00	; 0
     b3e:	0e 94 55 03 	call	0x6aa	; 0x6aa <move_player>
     b42:	88 23       	and	r24, r24
     b44:	21 f0       	breq	.+8      	; 0xb4e <play_game+0x172>
					last_flash_time = get_current_time();
     b46:	0e 94 60 0a 	call	0x14c0	; 0x14c0 <get_current_time>
     b4a:	4b 01       	movw	r8, r22
     b4c:	5c 01       	movw	r10, r24
				}
		}
		

		
		uint32_t current_time = get_current_time();
     b4e:	0e 94 60 0a 	call	0x14c0	; 0x14c0 <get_current_time>
     b52:	6b 01       	movw	r12, r22
     b54:	7c 01       	movw	r14, r24
		if (current_time >= last_flash_time + 200)
     b56:	d5 01       	movw	r26, r10
     b58:	c4 01       	movw	r24, r8
     b5a:	88 53       	subi	r24, 0x38	; 56
     b5c:	9f 4f       	sbci	r25, 0xFF	; 255
     b5e:	af 4f       	sbci	r26, 0xFF	; 255
     b60:	bf 4f       	sbci	r27, 0xFF	; 255
     b62:	c8 16       	cp	r12, r24
     b64:	d9 06       	cpc	r13, r25
     b66:	ea 06       	cpc	r14, r26
     b68:	fb 06       	cpc	r15, r27
     b6a:	20 f0       	brcs	.+8      	; 0xb74 <play_game+0x198>
		{
			// 200ms (0.2 seconds) has passed since the last time
			// we flashed the player icon, flash it now.
			flash_player();
     b6c:	0e 94 28 03 	call	0x650	; 0x650 <flash_player>

			// Update the most recent icon flash time.
			last_flash_time = current_time;
     b70:	46 01       	movw	r8, r12
     b72:	57 01       	movw	r10, r14
		}
		uint32_t elapsed_seconds = (current_time - level_start_time) / 1000;
     b74:	c7 01       	movw	r24, r14
     b76:	b6 01       	movw	r22, r12
     b78:	64 19       	sub	r22, r4
     b7a:	75 09       	sbc	r23, r5
     b7c:	86 09       	sbc	r24, r6
     b7e:	97 09       	sbc	r25, r7
     b80:	28 ee       	ldi	r18, 0xE8	; 232
     b82:	33 e0       	ldi	r19, 0x03	; 3
     b84:	40 e0       	ldi	r20, 0x00	; 0
     b86:	50 e0       	ldi	r21, 0x00	; 0
     b88:	0e 94 0c 0b 	call	0x1618	; 0x1618 <__udivmodsi4>
     b8c:	69 01       	movw	r12, r18
     b8e:	7a 01       	movw	r14, r20
		
		if (elapsed_seconds != last_displayed_time)
     b90:	89 81       	ldd	r24, Y+1	; 0x01
     b92:	9a 81       	ldd	r25, Y+2	; 0x02
     b94:	ab 81       	ldd	r26, Y+3	; 0x03
     b96:	bc 81       	ldd	r27, Y+4	; 0x04
     b98:	82 17       	cp	r24, r18
     b9a:	93 07       	cpc	r25, r19
     b9c:	a4 07       	cpc	r26, r20
     b9e:	b5 07       	cpc	r27, r21
     ba0:	d1 f0       	breq	.+52     	; 0xbd6 <play_game+0x1fa>
		{
			move_terminal_cursor(8, 32);
     ba2:	60 e2       	ldi	r22, 0x20	; 32
     ba4:	70 e0       	ldi	r23, 0x00	; 0
     ba6:	88 e0       	ldi	r24, 0x08	; 8
     ba8:	90 e0       	ldi	r25, 0x00	; 0
     baa:	0e 94 05 0a 	call	0x140a	; 0x140a <move_terminal_cursor>
			printf_P(PSTR("Elapsed time: %lu s"), elapsed_seconds);
     bae:	ff 92       	push	r15
     bb0:	ef 92       	push	r14
     bb2:	df 92       	push	r13
     bb4:	cf 92       	push	r12
     bb6:	83 eb       	ldi	r24, 0xB3	; 179
     bb8:	90 e0       	ldi	r25, 0x00	; 0
     bba:	9f 93       	push	r25
     bbc:	8f 93       	push	r24
     bbe:	0e 94 81 0c 	call	0x1902	; 0x1902 <printf_P>
     bc2:	0f 90       	pop	r0
     bc4:	0f 90       	pop	r0
     bc6:	0f 90       	pop	r0
     bc8:	0f 90       	pop	r0
     bca:	0f 90       	pop	r0
     bcc:	0f 90       	pop	r0
			last_displayed_time = elapsed_seconds;
     bce:	c9 82       	std	Y+1, r12	; 0x01
     bd0:	da 82       	std	Y+2, r13	; 0x02
     bd2:	eb 82       	std	Y+3, r14	; 0x03
     bd4:	fc 82       	std	Y+4, r15	; 0x04
				is_paused = !is_paused;
			}
		}
	
	// We play the game until it's over.
	while (!is_game_over() && !is_paused)
     bd6:	0e 94 49 04 	call	0x892	; 0x892 <is_game_over>
     bda:	81 11       	cpse	r24, r1
     bdc:	05 c0       	rjmp	.+10     	; 0xbe8 <play_game+0x20c>
     bde:	80 91 f3 02 	lds	r24, 0x02F3	; 0x8002f3 <is_paused>
     be2:	88 23       	and	r24, r24
     be4:	09 f4       	brne	.+2      	; 0xbe8 <play_game+0x20c>
     be6:	30 cf       	rjmp	.-416    	; 0xa48 <play_game+0x6c>
			last_displayed_time = elapsed_seconds;
		}
		
	}
	// We get here if the game is over.
	hides_player_when_game_over();
     be8:	0e 94 6a 04 	call	0x8d4	; 0x8d4 <hides_player_when_game_over>
	
	
}
     bec:	0f 90       	pop	r0
     bee:	0f 90       	pop	r0
     bf0:	0f 90       	pop	r0
     bf2:	0f 90       	pop	r0
     bf4:	0f 90       	pop	r0
     bf6:	df 91       	pop	r29
     bf8:	cf 91       	pop	r28
     bfa:	ff 90       	pop	r15
     bfc:	ef 90       	pop	r14
     bfe:	df 90       	pop	r13
     c00:	cf 90       	pop	r12
     c02:	bf 90       	pop	r11
     c04:	af 90       	pop	r10
     c06:	9f 90       	pop	r9
     c08:	8f 90       	pop	r8
     c0a:	7f 90       	pop	r7
     c0c:	6f 90       	pop	r6
     c0e:	5f 90       	pop	r5
     c10:	4f 90       	pop	r4
     c12:	08 95       	ret

00000c14 <handle_game_over>:

void handle_game_over(void)
{
	for (int i = 12; i < 33; i++)
     c14:	cc e0       	ldi	r28, 0x0C	; 12
     c16:	d0 e0       	ldi	r29, 0x00	; 0
     c18:	08 c0       	rjmp	.+16     	; 0xc2a <handle_game_over+0x16>
	{
		move_terminal_cursor(i, 32);
     c1a:	60 e2       	ldi	r22, 0x20	; 32
     c1c:	70 e0       	ldi	r23, 0x00	; 0
     c1e:	ce 01       	movw	r24, r28
     c20:	0e 94 05 0a 	call	0x140a	; 0x140a <move_terminal_cursor>
		clear_to_end_of_line();
     c24:	0e 94 2b 0a 	call	0x1456	; 0x1456 <clear_to_end_of_line>
	
}

void handle_game_over(void)
{
	for (int i = 12; i < 33; i++)
     c28:	21 96       	adiw	r28, 0x01	; 1
     c2a:	c1 32       	cpi	r28, 0x21	; 33
     c2c:	d1 05       	cpc	r29, r1
     c2e:	ac f3       	brlt	.-22     	; 0xc1a <handle_game_over+0x6>
	{
		move_terminal_cursor(i, 32);
		clear_to_end_of_line();
	}
	move_terminal_cursor(14, 10);
     c30:	6a e0       	ldi	r22, 0x0A	; 10
     c32:	70 e0       	ldi	r23, 0x00	; 0
     c34:	8e e0       	ldi	r24, 0x0E	; 14
     c36:	90 e0       	ldi	r25, 0x00	; 0
     c38:	0e 94 05 0a 	call	0x140a	; 0x140a <move_terminal_cursor>
	printf_P(PSTR("GAME OVER"));
     c3c:	89 ea       	ldi	r24, 0xA9	; 169
     c3e:	90 e0       	ldi	r25, 0x00	; 0
     c40:	9f 93       	push	r25
     c42:	8f 93       	push	r24
     c44:	0e 94 81 0c 	call	0x1902	; 0x1902 <printf_P>
	move_terminal_cursor(15, 10);
     c48:	6a e0       	ldi	r22, 0x0A	; 10
     c4a:	70 e0       	ldi	r23, 0x00	; 0
     c4c:	8f e0       	ldi	r24, 0x0F	; 15
     c4e:	90 e0       	ldi	r25, 0x00	; 0
     c50:	0e 94 05 0a 	call	0x140a	; 0x140a <move_terminal_cursor>
	printf_P(PSTR("Press 'r'/'R' to restart, or 'e'/'E' to exit"));
     c54:	8c e7       	ldi	r24, 0x7C	; 124
     c56:	90 e0       	ldi	r25, 0x00	; 0
     c58:	9f 93       	push	r25
     c5a:	8f 93       	push	r24
     c5c:	0e 94 81 0c 	call	0x1902	; 0x1902 <printf_P>
     c60:	0f 90       	pop	r0
     c62:	0f 90       	pop	r0
     c64:	0f 90       	pop	r0
     c66:	0f 90       	pop	r0
	while (1)
	{
		// Get serial input. If no serial input is ready, serial_input
		// would be -1 (not a valid character).
		int serial_input = -1;
		if (serial_input_available())
     c68:	0e 94 03 08 	call	0x1006	; 0x1006 <serial_input_available>
     c6c:	88 23       	and	r24, r24
     c6e:	39 f0       	breq	.+14     	; 0xc7e <handle_game_over+0x6a>
		{
			serial_input = fgetc(stdin);
     c70:	80 91 1b 04 	lds	r24, 0x041B	; 0x80041b <__iob>
     c74:	90 91 1c 04 	lds	r25, 0x041C	; 0x80041c <__iob+0x1>
     c78:	0e 94 07 0c 	call	0x180e	; 0x180e <fgetc>
     c7c:	02 c0       	rjmp	.+4      	; 0xc82 <handle_game_over+0x6e>
	// Do nothing until a valid input is made.
	while (1)
	{
		// Get serial input. If no serial input is ready, serial_input
		// would be -1 (not a valid character).
		int serial_input = -1;
     c7e:	8f ef       	ldi	r24, 0xFF	; 255
     c80:	9f ef       	ldi	r25, 0xFF	; 255
		{
			serial_input = fgetc(stdin);
		}

		// Check serial input.
		if (toupper(serial_input) == 'R')
     c82:	0e 94 f6 0b 	call	0x17ec	; 0x17ec <toupper>
     c86:	ec 01       	movw	r28, r24
     c88:	82 35       	cpi	r24, 0x52	; 82
     c8a:	91 05       	cpc	r25, r1
     c8c:	31 f4       	brne	.+12     	; 0xc9a <handle_game_over+0x86>
		{
			// <YOUR CODE HERE>
			new_game();
     c8e:	0e 94 e3 04 	call	0x9c6	; 0x9c6 <new_game>
			play_game();
     c92:	0e 94 ee 04 	call	0x9dc	; 0x9dc <play_game>
			handle_game_over();
     c96:	0e 94 0a 06 	call	0xc14	; 0xc14 <handle_game_over>
		}
		// Now check for other possible inputs.
		if (toupper(serial_input) == 'E')
     c9a:	85 34       	cpi	r24, 0x45	; 69
     c9c:	91 05       	cpc	r25, r1
     c9e:	11 f4       	brne	.+4      	; 0xca4 <handle_game_over+0x90>
		{
			main();
     ca0:	0e 94 97 06 	call	0xd2e	; 0xd2e <main>
		}
		if (toupper(serial_input) == 'N')
     ca4:	ce 34       	cpi	r28, 0x4E	; 78
     ca6:	d1 05       	cpc	r29, r1
     ca8:	f9 f6       	brne	.-66     	; 0xc68 <handle_game_over+0x54>
		{
			new_game2();
     caa:	0e 94 d8 04 	call	0x9b0	; 0x9b0 <new_game2>
			play_game();
     cae:	0e 94 ee 04 	call	0x9dc	; 0x9dc <play_game>
			handle_game_over();
     cb2:	0e 94 0a 06 	call	0xc14	; 0xc14 <handle_game_over>

00000cb6 <start_screen>:
}

void start_screen(void)
{
	// Hide terminal cursor and set display mode to default.
	hide_cursor();
     cb6:	0e 94 41 0a 	call	0x1482	; 0x1482 <hide_cursor>
	normal_display_mode();
     cba:	0e 94 19 0a 	call	0x1432	; 0x1432 <normal_display_mode>

	// Clear terminal screen and output the title ASCII art.
	clear_terminal();
     cbe:	0e 94 22 0a 	call	0x1444	; 0x1444 <clear_terminal>
	display_terminal_title(3, 5);
     cc2:	65 e0       	ldi	r22, 0x05	; 5
     cc4:	83 e0       	ldi	r24, 0x03	; 3
     cc6:	0e 94 df 09 	call	0x13be	; 0x13be <display_terminal_title>
	move_terminal_cursor(11, 5);
     cca:	65 e0       	ldi	r22, 0x05	; 5
     ccc:	70 e0       	ldi	r23, 0x00	; 0
     cce:	8b e0       	ldi	r24, 0x0B	; 11
     cd0:	90 e0       	ldi	r25, 0x00	; 0
     cd2:	0e 94 05 0a 	call	0x140a	; 0x140a <move_terminal_cursor>
	// Change this to your name and student number. Remember to remove the
	// chevrons - "<" and ">"!
	printf_P(PSTR("CSSE2010/7201 Project by Vu Hai Minh Bui - 47789140"));
     cd6:	87 ec       	ldi	r24, 0xC7	; 199
     cd8:	90 e0       	ldi	r25, 0x00	; 0
     cda:	9f 93       	push	r25
     cdc:	8f 93       	push	r24
     cde:	0e 94 81 0c 	call	0x1902	; 0x1902 <printf_P>

	// Setup the start screen on the LED matrix.
	setup_start_screen();
     ce2:	0e 94 2a 09 	call	0x1254	; 0x1254 <setup_start_screen>

	// Clear button presses registered as the result of powering on the
	// I/O board. This is just to work around a minor limitation of the
	// hardware, and is only done here to ensure that the start screen is
	// not skipped when you power cycle the I/O board.
	clear_button_presses();
     ce6:	0e 94 c2 01 	call	0x384	; 0x384 <clear_button_presses>
     cea:	0f 90       	pop	r0
     cec:	0f 90       	pop	r0
	// Wait until a button is pushed, or 's'/'S' is entered.
	while (1)
	{
		// Check for button presses. If any button is pressed, exit
		// the start screen by breaking out of this infinite loop.
		if (button_pushed() != NO_BUTTON_PUSHED)
     cee:	0e 94 9d 01 	call	0x33a	; 0x33a <button_pushed>
     cf2:	8f 3f       	cpi	r24, 0xFF	; 255
     cf4:	d9 f4       	brne	.+54     	; 0xd2c <start_screen+0x76>
		{
			break;
		}

		// No button was pressed, check if we have terminal inputs.
		if (serial_input_available())
     cf6:	0e 94 03 08 	call	0x1006	; 0x1006 <serial_input_available>
     cfa:	88 23       	and	r24, r24
     cfc:	a1 f0       	breq	.+40     	; 0xd26 <start_screen+0x70>
		{
			// Terminal input is available, get the character.
			int serial_input = fgetc(stdin);
     cfe:	80 91 1b 04 	lds	r24, 0x041B	; 0x80041b <__iob>
     d02:	90 91 1c 04 	lds	r25, 0x041C	; 0x80041c <__iob+0x1>
     d06:	0e 94 07 0c 	call	0x180e	; 0x180e <fgetc>

			// If the input is 's'/'S', exit the start screen by
			// breaking out of this loop.
			if (serial_input == 's' || serial_input == 'S')
     d0a:	83 37       	cpi	r24, 0x73	; 115
     d0c:	91 05       	cpc	r25, r1
     d0e:	71 f0       	breq	.+28     	; 0xd2c <start_screen+0x76>
     d10:	83 35       	cpi	r24, 0x53	; 83
     d12:	91 05       	cpc	r25, r1
     d14:	59 f0       	breq	.+22     	; 0xd2c <start_screen+0x76>
			{
				break;
			}
			if (serial_input == '2') {
     d16:	c2 97       	sbiw	r24, 0x32	; 50
     d18:	31 f4       	brne	.+12     	; 0xd26 <start_screen+0x70>
				new_game2();
     d1a:	0e 94 d8 04 	call	0x9b0	; 0x9b0 <new_game2>
				play_game();
     d1e:	0e 94 ee 04 	call	0x9dc	; 0x9dc <play_game>
				handle_game_over();
     d22:	0e 94 0a 06 	call	0xc14	; 0xc14 <handle_game_over>
		}

		// No button presses and no 's'/'S' typed into the terminal,
		// we will loop back and do the checks again. We also update
		// the start screen animation on the LED matrix here.
		update_start_screen();
     d26:	0e 94 34 09 	call	0x1268	; 0x1268 <update_start_screen>
	}
     d2a:	e1 cf       	rjmp	.-62     	; 0xcee <start_screen+0x38>
     d2c:	08 95       	ret

00000d2e <main>:

/////////////////////////////// main //////////////////////////////////
int main(void)
{
	// Setup hardware and callbacks. This will turn on interrupts.
	initialise_hardware();
     d2e:	0e 94 c5 04 	call	0x98a	; 0x98a <initialise_hardware>

	// Show the start screen. Returns when the player starts the game.
	start_screen();
     d32:	0e 94 5b 06 	call	0xcb6	; 0xcb6 <start_screen>
	
	// Loop forever and continuously play the game.
	while (1)
	{
		new_game();
     d36:	0e 94 e3 04 	call	0x9c6	; 0x9c6 <new_game>
		play_game();
     d3a:	0e 94 ee 04 	call	0x9dc	; 0x9dc <play_game>
		handle_game_over();
     d3e:	0e 94 0a 06 	call	0xc14	; 0xc14 <handle_game_over>

00000d42 <uart_put_char>:
// Variable to keep track of whether incoming characters are to be echoed
// back or not.
static bool do_echo;

static int uart_put_char(char c, FILE *stream)
{
     d42:	cf 93       	push	r28
     d44:	c8 2f       	mov	r28, r24
	// Add the character to the buffer for transmission (if there is space
	// to do so). If not we wait until the buffer has space.

	// If the character is linefeed, we output carriage return.
	if (c == '\n')
     d46:	8a 30       	cpi	r24, 0x0A	; 10
     d48:	19 f4       	brne	.+6      	; 0xd50 <uart_put_char+0xe>
	{
		uart_put_char('\r', stream);
     d4a:	8d e0       	ldi	r24, 0x0D	; 13
     d4c:	0e 94 a1 06 	call	0xd42	; 0xd42 <uart_put_char>
	// we don't output the character since the buffer will never be
	// emptied if interrupts are disabled. If the buffer is full and
	// interrupts are enabled, then we loop until the buffer has enough
	// space. The bytes_in_buffer variable will get modified by the ISR
	// which extracts bytes from the buffer.
	bool interrupts_enabled = bit_is_set(SREG, SREG_I);
     d50:	9f b7       	in	r25, 0x3f	; 63
     d52:	90 78       	andi	r25, 0x80	; 128
	while (bytes_in_out_buffer >= OUTPUT_BUFFER_SIZE)
     d54:	02 c0       	rjmp	.+4      	; 0xd5a <uart_put_char+0x18>
	{
		if (!interrupts_enabled)
     d56:	99 23       	and	r25, r25
     d58:	29 f1       	breq	.+74     	; 0xda4 <uart_put_char+0x62>
	// emptied if interrupts are disabled. If the buffer is full and
	// interrupts are enabled, then we loop until the buffer has enough
	// space. The bytes_in_buffer variable will get modified by the ISR
	// which extracts bytes from the buffer.
	bool interrupts_enabled = bit_is_set(SREG, SREG_I);
	while (bytes_in_out_buffer >= OUTPUT_BUFFER_SIZE)
     d5a:	80 91 08 03 	lds	r24, 0x0308	; 0x800308 <bytes_in_out_buffer>
     d5e:	8f 3f       	cpi	r24, 0xFF	; 255
     d60:	d1 f3       	breq	.-12     	; 0xd56 <uart_put_char+0x14>
	// If this is beyond the end of the buffer, we wrap around back to the
	// beginning of the buffer. NOTE: We disable interrupts before
	// modifying the buffer. This prevents the ISR from modifying the
	// buffer at the same time. We reenable them if they were enabled when
	// we entered the function.
	cli();
     d62:	f8 94       	cli
	out_buffer[out_insert_pos++] = c;
     d64:	e0 91 07 03 	lds	r30, 0x0307	; 0x800307 <out_insert_pos>
     d68:	81 e0       	ldi	r24, 0x01	; 1
     d6a:	8e 0f       	add	r24, r30
     d6c:	80 93 07 03 	sts	0x0307, r24	; 0x800307 <out_insert_pos>
     d70:	f0 e0       	ldi	r31, 0x00	; 0
     d72:	e7 5f       	subi	r30, 0xF7	; 247
     d74:	fc 4f       	sbci	r31, 0xFC	; 252
     d76:	c0 83       	st	Z, r28
	bytes_in_out_buffer++;
     d78:	80 91 08 03 	lds	r24, 0x0308	; 0x800308 <bytes_in_out_buffer>
     d7c:	8f 5f       	subi	r24, 0xFF	; 255
     d7e:	80 93 08 03 	sts	0x0308, r24	; 0x800308 <bytes_in_out_buffer>
	if (out_insert_pos == OUTPUT_BUFFER_SIZE)
     d82:	80 91 07 03 	lds	r24, 0x0307	; 0x800307 <out_insert_pos>
     d86:	8f 3f       	cpi	r24, 0xFF	; 255
     d88:	11 f4       	brne	.+4      	; 0xd8e <uart_put_char+0x4c>
	{
		// Wrap around buffer pointer if necessary.
		out_insert_pos = 0;
     d8a:	10 92 07 03 	sts	0x0307, r1	; 0x800307 <out_insert_pos>
	}

	// Reenable interrupts (UDR Empty interrupt may have been disabled) -
	// we ensure it is now enabled so that it will fire and deal with the
	// next character in the buffer.
	UCSR0B |= (1 << UDRIE0);
     d8e:	e1 ec       	ldi	r30, 0xC1	; 193
     d90:	f0 e0       	ldi	r31, 0x00	; 0
     d92:	80 81       	ld	r24, Z
     d94:	80 62       	ori	r24, 0x20	; 32
     d96:	80 83       	st	Z, r24
	if (interrupts_enabled)
     d98:	99 23       	and	r25, r25
     d9a:	39 f0       	breq	.+14     	; 0xdaa <uart_put_char+0x68>
	{
		sei();
     d9c:	78 94       	sei
	}
	return 0;
     d9e:	80 e0       	ldi	r24, 0x00	; 0
     da0:	90 e0       	ldi	r25, 0x00	; 0
     da2:	05 c0       	rjmp	.+10     	; 0xdae <uart_put_char+0x6c>
	bool interrupts_enabled = bit_is_set(SREG, SREG_I);
	while (bytes_in_out_buffer >= OUTPUT_BUFFER_SIZE)
	{
		if (!interrupts_enabled)
		{
			return 1;
     da4:	81 e0       	ldi	r24, 0x01	; 1
     da6:	90 e0       	ldi	r25, 0x00	; 0
     da8:	02 c0       	rjmp	.+4      	; 0xdae <uart_put_char+0x6c>
	UCSR0B |= (1 << UDRIE0);
	if (interrupts_enabled)
	{
		sei();
	}
	return 0;
     daa:	80 e0       	ldi	r24, 0x00	; 0
     dac:	90 e0       	ldi	r25, 0x00	; 0
}
     dae:	cf 91       	pop	r28
     db0:	08 95       	ret

00000db2 <uart_get_char>:

static int uart_get_char(FILE *stream)
{
	// Wait until we've received a character.
	while (bytes_in_input_buffer == 0)
     db2:	80 91 1a 04 	lds	r24, 0x041A	; 0x80041a <bytes_in_input_buffer>
     db6:	88 23       	and	r24, r24
     db8:	e1 f3       	breq	.-8      	; 0xdb2 <uart_get_char>

	// Turn interrupts off and remove a character from the input buffer.
	// We reenable interrupts if they were on. The pending character is
	// the one which is byte_in_input_buffer characters before the insert
	// position (taking into account that we may need to wrap around).
	uint8_t interrupts_enabled = bit_is_set(SREG, SREG_I);
     dba:	2f b7       	in	r18, 0x3f	; 63
     dbc:	20 78       	andi	r18, 0x80	; 128
	cli();
     dbe:	f8 94       	cli
	char c;
	if (input_insert_pos - bytes_in_input_buffer < 0)
     dc0:	80 91 08 04 	lds	r24, 0x0408	; 0x800408 <input_insert_pos>
     dc4:	30 91 1a 04 	lds	r19, 0x041A	; 0x80041a <bytes_in_input_buffer>
     dc8:	90 e0       	ldi	r25, 0x00	; 0
     dca:	83 1b       	sub	r24, r19
     dcc:	91 09       	sbc	r25, r1
     dce:	5a f4       	brpl	.+22     	; 0xde6 <uart_get_char+0x34>
	{
		// Need to wrap around.
		c = input_buffer[input_insert_pos - bytes_in_input_buffer +
     dd0:	e0 91 08 04 	lds	r30, 0x0408	; 0x800408 <input_insert_pos>
     dd4:	80 91 1a 04 	lds	r24, 0x041A	; 0x80041a <bytes_in_input_buffer>
     dd8:	f0 e0       	ldi	r31, 0x00	; 0
     dda:	e8 1b       	sub	r30, r24
     ddc:	f1 09       	sbc	r31, r1
     dde:	e7 5e       	subi	r30, 0xE7	; 231
     de0:	fb 4f       	sbci	r31, 0xFB	; 251
     de2:	80 81       	ld	r24, Z
     de4:	0a c0       	rjmp	.+20     	; 0xdfa <uart_get_char+0x48>
			INPUT_BUFFER_SIZE];
	}
	else
	{
		c = input_buffer[input_insert_pos - bytes_in_input_buffer];
     de6:	e0 91 08 04 	lds	r30, 0x0408	; 0x800408 <input_insert_pos>
     dea:	80 91 1a 04 	lds	r24, 0x041A	; 0x80041a <bytes_in_input_buffer>
     dee:	f0 e0       	ldi	r31, 0x00	; 0
     df0:	e8 1b       	sub	r30, r24
     df2:	f1 09       	sbc	r31, r1
     df4:	e7 5f       	subi	r30, 0xF7	; 247
     df6:	fb 4f       	sbci	r31, 0xFB	; 251
     df8:	80 81       	ld	r24, Z
	}

	// Decrement our count of bytes in the input buffer.
	bytes_in_input_buffer--;
     dfa:	90 91 1a 04 	lds	r25, 0x041A	; 0x80041a <bytes_in_input_buffer>
     dfe:	91 50       	subi	r25, 0x01	; 1
     e00:	90 93 1a 04 	sts	0x041A, r25	; 0x80041a <bytes_in_input_buffer>
	if (interrupts_enabled)
     e04:	22 23       	and	r18, r18
     e06:	09 f0       	breq	.+2      	; 0xe0a <uart_get_char+0x58>
	{
		sei();
     e08:	78 94       	sei
	// as WASD. If you're a student reading this, pretend you didn't see
	// it XD. Honestly, you cannot rely on the arrow keys to work like
	// WASD, this is what we call undocumented behaviour.
	static char first = 0;
	static char second = 0;
	if (first == 0x1B && second == '[')
     e0a:	90 91 f5 02 	lds	r25, 0x02F5	; 0x8002f5 <first.1835>
     e0e:	9b 31       	cpi	r25, 0x1B	; 27
     e10:	b1 f4       	brne	.+44     	; 0xe3e <uart_get_char+0x8c>
     e12:	90 91 f4 02 	lds	r25, 0x02F4	; 0x8002f4 <second.1836>
     e16:	9b 35       	cpi	r25, 0x5B	; 91
     e18:	91 f4       	brne	.+36     	; 0xe3e <uart_get_char+0x8c>
	{
		switch (c)
     e1a:	82 34       	cpi	r24, 0x42	; 66
     e1c:	49 f0       	breq	.+18     	; 0xe30 <uart_get_char+0x7e>
     e1e:	18 f4       	brcc	.+6      	; 0xe26 <uart_get_char+0x74>
     e20:	81 34       	cpi	r24, 0x41	; 65
     e22:	61 f0       	breq	.+24     	; 0xe3c <uart_get_char+0x8a>
     e24:	0c c0       	rjmp	.+24     	; 0xe3e <uart_get_char+0x8c>
     e26:	83 34       	cpi	r24, 0x43	; 67
     e28:	29 f0       	breq	.+10     	; 0xe34 <uart_get_char+0x82>
     e2a:	84 34       	cpi	r24, 0x44	; 68
     e2c:	29 f0       	breq	.+10     	; 0xe38 <uart_get_char+0x86>
     e2e:	07 c0       	rjmp	.+14     	; 0xe3e <uart_get_char+0x8c>
		{
			case 'A':
				c = 'w';
				break;
			case 'B':
				c = 's';
     e30:	83 e7       	ldi	r24, 0x73	; 115
				break;
     e32:	05 c0       	rjmp	.+10     	; 0xe3e <uart_get_char+0x8c>
			case 'C':
				c = 'd';
     e34:	84 e6       	ldi	r24, 0x64	; 100
				break;
     e36:	03 c0       	rjmp	.+6      	; 0xe3e <uart_get_char+0x8c>
			case 'D':
				c = 'a';
     e38:	81 e6       	ldi	r24, 0x61	; 97
				break;
     e3a:	01 c0       	rjmp	.+2      	; 0xe3e <uart_get_char+0x8c>
	if (first == 0x1B && second == '[')
	{
		switch (c)
		{
			case 'A':
				c = 'w';
     e3c:	87 e7       	ldi	r24, 0x77	; 119
				break;
			default:
				break;
		}
	}
	first = second;
     e3e:	90 91 f4 02 	lds	r25, 0x02F4	; 0x8002f4 <second.1836>
     e42:	90 93 f5 02 	sts	0x02F5, r25	; 0x8002f5 <first.1835>
	second = c;
     e46:	80 93 f4 02 	sts	0x02F4, r24	; 0x8002f4 <second.1836>

	return c;
}
     e4a:	90 e0       	ldi	r25, 0x00	; 0
     e4c:	08 95       	ret

00000e4e <__vector_21>:
	_FDEV_SETUP_RW);

// Interrupt handler for UART Data Register Empty (i.e., another character
// can be taken from our buffer and written out).
ISR(USART0_UDRE_vect)
{
     e4e:	1f 92       	push	r1
     e50:	0f 92       	push	r0
     e52:	0f b6       	in	r0, 0x3f	; 63
     e54:	0f 92       	push	r0
     e56:	11 24       	eor	r1, r1
     e58:	2f 93       	push	r18
     e5a:	8f 93       	push	r24
     e5c:	9f 93       	push	r25
     e5e:	ef 93       	push	r30
     e60:	ff 93       	push	r31
	// Check if we have data in our buffer.
	if (bytes_in_out_buffer > 0)
     e62:	80 91 08 03 	lds	r24, 0x0308	; 0x800308 <bytes_in_out_buffer>
     e66:	88 23       	and	r24, r24
     e68:	29 f1       	breq	.+74     	; 0xeb4 <__vector_21+0x66>
		// UART. The pending byte (character) is the one which is
		// bytes_in_buffer characters before the insert_pos (taking
		// into account that we may need to wrap around to the end of
		// the buffer).
		char c;
		if (out_insert_pos - bytes_in_out_buffer < 0)
     e6a:	80 91 07 03 	lds	r24, 0x0307	; 0x800307 <out_insert_pos>
     e6e:	20 91 08 03 	lds	r18, 0x0308	; 0x800308 <bytes_in_out_buffer>
     e72:	90 e0       	ldi	r25, 0x00	; 0
     e74:	82 1b       	sub	r24, r18
     e76:	91 09       	sbc	r25, r1
     e78:	5a f4       	brpl	.+22     	; 0xe90 <__vector_21+0x42>
		{
			// Need to wrap around.
			c = out_buffer[out_insert_pos - bytes_in_out_buffer +
     e7a:	e0 91 07 03 	lds	r30, 0x0307	; 0x800307 <out_insert_pos>
     e7e:	80 91 08 03 	lds	r24, 0x0308	; 0x800308 <bytes_in_out_buffer>
     e82:	f0 e0       	ldi	r31, 0x00	; 0
     e84:	e8 1b       	sub	r30, r24
     e86:	f1 09       	sbc	r31, r1
     e88:	e8 5f       	subi	r30, 0xF8	; 248
     e8a:	fb 4f       	sbci	r31, 0xFB	; 251
     e8c:	90 81       	ld	r25, Z
     e8e:	0a c0       	rjmp	.+20     	; 0xea4 <__vector_21+0x56>
				OUTPUT_BUFFER_SIZE];
		}
		else
		{
			c = out_buffer[out_insert_pos - bytes_in_out_buffer];
     e90:	e0 91 07 03 	lds	r30, 0x0307	; 0x800307 <out_insert_pos>
     e94:	80 91 08 03 	lds	r24, 0x0308	; 0x800308 <bytes_in_out_buffer>
     e98:	f0 e0       	ldi	r31, 0x00	; 0
     e9a:	e8 1b       	sub	r30, r24
     e9c:	f1 09       	sbc	r31, r1
     e9e:	e7 5f       	subi	r30, 0xF7	; 247
     ea0:	fc 4f       	sbci	r31, 0xFC	; 252
     ea2:	90 81       	ld	r25, Z
		}

		// Decrement our count of the number of bytes in the buffer.
		bytes_in_out_buffer--;
     ea4:	80 91 08 03 	lds	r24, 0x0308	; 0x800308 <bytes_in_out_buffer>
     ea8:	81 50       	subi	r24, 0x01	; 1
     eaa:	80 93 08 03 	sts	0x0308, r24	; 0x800308 <bytes_in_out_buffer>

		// Output the character via the UART.
		UDR0 = c;
     eae:	90 93 c6 00 	sts	0x00C6, r25	; 0x8000c6 <__TEXT_REGION_LENGTH__+0x7f80c6>
     eb2:	05 c0       	rjmp	.+10     	; 0xebe <__vector_21+0x70>
	{
		// No data in the buffer. We disable the UART Data Register
		// Empty interrupt because otherwise it will trigger again
		// immediately when this ISR exits. The interrupt is reenabled
		// when a character is placed in the buffer.
		UCSR0B &= ~(1 << UDRIE0);
     eb4:	e1 ec       	ldi	r30, 0xC1	; 193
     eb6:	f0 e0       	ldi	r31, 0x00	; 0
     eb8:	80 81       	ld	r24, Z
     eba:	8f 7d       	andi	r24, 0xDF	; 223
     ebc:	80 83       	st	Z, r24
	}
}
     ebe:	ff 91       	pop	r31
     ec0:	ef 91       	pop	r30
     ec2:	9f 91       	pop	r25
     ec4:	8f 91       	pop	r24
     ec6:	2f 91       	pop	r18
     ec8:	0f 90       	pop	r0
     eca:	0f be       	out	0x3f, r0	; 63
     ecc:	0f 90       	pop	r0
     ece:	1f 90       	pop	r1
     ed0:	18 95       	reti

00000ed2 <__vector_20>:

// Interrupt handler for UART Receive Complete (i.e., can read a character).
// The character is read and placed in the input buffer.
ISR(USART0_RX_vect)
{
     ed2:	1f 92       	push	r1
     ed4:	0f 92       	push	r0
     ed6:	0f b6       	in	r0, 0x3f	; 63
     ed8:	0f 92       	push	r0
     eda:	11 24       	eor	r1, r1
     edc:	2f 93       	push	r18
     ede:	3f 93       	push	r19
     ee0:	4f 93       	push	r20
     ee2:	5f 93       	push	r21
     ee4:	6f 93       	push	r22
     ee6:	7f 93       	push	r23
     ee8:	8f 93       	push	r24
     eea:	9f 93       	push	r25
     eec:	af 93       	push	r26
     eee:	bf 93       	push	r27
     ef0:	cf 93       	push	r28
     ef2:	ef 93       	push	r30
     ef4:	ff 93       	push	r31
	// Read the character - we ignore the possibility of overrun.
	char c = UDR0;
     ef6:	c0 91 c6 00 	lds	r28, 0x00C6	; 0x8000c6 <__TEXT_REGION_LENGTH__+0x7f80c6>

	if (do_echo && bytes_in_out_buffer < OUTPUT_BUFFER_SIZE)
     efa:	80 91 f6 02 	lds	r24, 0x02F6	; 0x8002f6 <do_echo>
     efe:	88 23       	and	r24, r24
     f00:	49 f0       	breq	.+18     	; 0xf14 <__vector_20+0x42>
     f02:	80 91 08 03 	lds	r24, 0x0308	; 0x800308 <bytes_in_out_buffer>
     f06:	8f 3f       	cpi	r24, 0xFF	; 255
     f08:	29 f0       	breq	.+10     	; 0xf14 <__vector_20+0x42>
	{
		// If echoing is enabled and there is output buffer space,
		// echo the received character back to the UART. If there
		// is no output buffer space, characters will be lost.
		uart_put_char(c, 0);
     f0a:	60 e0       	ldi	r22, 0x00	; 0
     f0c:	70 e0       	ldi	r23, 0x00	; 0
     f0e:	8c 2f       	mov	r24, r28
     f10:	0e 94 a1 06 	call	0xd42	; 0xd42 <uart_put_char>
	}

	// Check if we have space in our buffer. If not, set the overrun flag
	// and throw away the character. We never clear the overrun flag -
	// it's up to the programmer to check/clear this flag if desired.
	if (bytes_in_input_buffer >= INPUT_BUFFER_SIZE)
     f14:	80 91 1a 04 	lds	r24, 0x041A	; 0x80041a <bytes_in_input_buffer>
     f18:	80 31       	cpi	r24, 0x10	; 16
     f1a:	20 f0       	brcs	.+8      	; 0xf24 <__vector_20+0x52>
	{
		input_overrun = 1;
     f1c:	81 e0       	ldi	r24, 0x01	; 1
     f1e:	80 93 19 04 	sts	0x0419, r24	; 0x800419 <input_overrun>
     f22:	18 c0       	rjmp	.+48     	; 0xf54 <__vector_20+0x82>
	}
	else
	{
		// If the character is carriage return, turn it into linefeed.
		if (c == '\r')
     f24:	cd 30       	cpi	r28, 0x0D	; 13
     f26:	09 f4       	brne	.+2      	; 0xf2a <__vector_20+0x58>
		{
			c = '\n';
     f28:	ca e0       	ldi	r28, 0x0A	; 10
		}

		// There is room in the input buffer.
		input_buffer[input_insert_pos++] = c;
     f2a:	e0 91 08 04 	lds	r30, 0x0408	; 0x800408 <input_insert_pos>
     f2e:	81 e0       	ldi	r24, 0x01	; 1
     f30:	8e 0f       	add	r24, r30
     f32:	80 93 08 04 	sts	0x0408, r24	; 0x800408 <input_insert_pos>
     f36:	f0 e0       	ldi	r31, 0x00	; 0
     f38:	e7 5f       	subi	r30, 0xF7	; 247
     f3a:	fb 4f       	sbci	r31, 0xFB	; 251
     f3c:	c0 83       	st	Z, r28
		bytes_in_input_buffer++;
     f3e:	80 91 1a 04 	lds	r24, 0x041A	; 0x80041a <bytes_in_input_buffer>
     f42:	8f 5f       	subi	r24, 0xFF	; 255
     f44:	80 93 1a 04 	sts	0x041A, r24	; 0x80041a <bytes_in_input_buffer>
		if (input_insert_pos == INPUT_BUFFER_SIZE)
     f48:	80 91 08 04 	lds	r24, 0x0408	; 0x800408 <input_insert_pos>
     f4c:	80 31       	cpi	r24, 0x10	; 16
     f4e:	11 f4       	brne	.+4      	; 0xf54 <__vector_20+0x82>
		{
			// Wrap around buffer pointer if necessary.
			input_insert_pos = 0;
     f50:	10 92 08 04 	sts	0x0408, r1	; 0x800408 <input_insert_pos>
		}
	}
}
     f54:	ff 91       	pop	r31
     f56:	ef 91       	pop	r30
     f58:	cf 91       	pop	r28
     f5a:	bf 91       	pop	r27
     f5c:	af 91       	pop	r26
     f5e:	9f 91       	pop	r25
     f60:	8f 91       	pop	r24
     f62:	7f 91       	pop	r23
     f64:	6f 91       	pop	r22
     f66:	5f 91       	pop	r21
     f68:	4f 91       	pop	r20
     f6a:	3f 91       	pop	r19
     f6c:	2f 91       	pop	r18
     f6e:	0f 90       	pop	r0
     f70:	0f be       	out	0x3f, r0	; 63
     f72:	0f 90       	pop	r0
     f74:	1f 90       	pop	r1
     f76:	18 95       	reti

00000f78 <init_serial_stdio>:

void init_serial_stdio(long baudrate, bool echo)
{
	// Initialise our buffers.
	out_insert_pos = 0;
     f78:	10 92 07 03 	sts	0x0307, r1	; 0x800307 <out_insert_pos>
	bytes_in_out_buffer = 0;
     f7c:	10 92 08 03 	sts	0x0308, r1	; 0x800308 <bytes_in_out_buffer>
	input_insert_pos = 0;
     f80:	10 92 08 04 	sts	0x0408, r1	; 0x800408 <input_insert_pos>
	bytes_in_input_buffer = 0;
     f84:	10 92 1a 04 	sts	0x041A, r1	; 0x80041a <bytes_in_input_buffer>
	input_overrun = 0;
     f88:	10 92 19 04 	sts	0x0419, r1	; 0x800419 <input_overrun>

	// Record whether we're going to echo characters or not.
	do_echo = echo;
     f8c:	40 93 f6 02 	sts	0x02F6, r20	; 0x8002f6 <do_echo>

	// Configure the baud rate. This differs from the datasheet formula so
	// that we get rounding to the nearest integer while using integer
	// division (which truncates).
	UBRR0 = (uint16_t)((((SYSCLK / (8 * baudrate)) + 1) / 2) - 1);
     f90:	dc 01       	movw	r26, r24
     f92:	cb 01       	movw	r24, r22
     f94:	88 0f       	add	r24, r24
     f96:	99 1f       	adc	r25, r25
     f98:	aa 1f       	adc	r26, r26
     f9a:	bb 1f       	adc	r27, r27
     f9c:	88 0f       	add	r24, r24
     f9e:	99 1f       	adc	r25, r25
     fa0:	aa 1f       	adc	r26, r26
     fa2:	bb 1f       	adc	r27, r27
     fa4:	9c 01       	movw	r18, r24
     fa6:	ad 01       	movw	r20, r26
     fa8:	22 0f       	add	r18, r18
     faa:	33 1f       	adc	r19, r19
     fac:	44 1f       	adc	r20, r20
     fae:	55 1f       	adc	r21, r21
     fb0:	60 e0       	ldi	r22, 0x00	; 0
     fb2:	72 e1       	ldi	r23, 0x12	; 18
     fb4:	8a e7       	ldi	r24, 0x7A	; 122
     fb6:	90 e0       	ldi	r25, 0x00	; 0
     fb8:	0e 94 2e 0b 	call	0x165c	; 0x165c <__divmodsi4>
     fbc:	ba 01       	movw	r22, r20
     fbe:	a9 01       	movw	r20, r18
     fc0:	4f 5f       	subi	r20, 0xFF	; 255
     fc2:	5f 4f       	sbci	r21, 0xFF	; 255
     fc4:	6f 4f       	sbci	r22, 0xFF	; 255
     fc6:	7f 4f       	sbci	r23, 0xFF	; 255
     fc8:	db 01       	movw	r26, r22
     fca:	ca 01       	movw	r24, r20
     fcc:	1a f4       	brpl	.+6      	; 0xfd4 <init_serial_stdio+0x5c>
     fce:	01 96       	adiw	r24, 0x01	; 1
     fd0:	a1 1d       	adc	r26, r1
     fd2:	b1 1d       	adc	r27, r1
     fd4:	b5 95       	asr	r27
     fd6:	a7 95       	ror	r26
     fd8:	97 95       	ror	r25
     fda:	87 95       	ror	r24
     fdc:	01 97       	sbiw	r24, 0x01	; 1
     fde:	90 93 c5 00 	sts	0x00C5, r25	; 0x8000c5 <__TEXT_REGION_LENGTH__+0x7f80c5>
     fe2:	80 93 c4 00 	sts	0x00C4, r24	; 0x8000c4 <__TEXT_REGION_LENGTH__+0x7f80c4>

	// Enable transmission and receiving via UART. We don't enable the UDR
	// empty interrupt here (we wait until we've got a character to
	// transmit). NOTE: Interrupts must be enabled globally for this
	// module to work, but we do not do this here.
	UCSR0B = (1 << RXEN0) | (1 << TXEN0);
     fe6:	e1 ec       	ldi	r30, 0xC1	; 193
     fe8:	f0 e0       	ldi	r31, 0x00	; 0
     fea:	88 e1       	ldi	r24, 0x18	; 24
     fec:	80 83       	st	Z, r24

	// Enable receive complete interrupt.
	UCSR0B |= (1 << RXCIE0);
     fee:	80 81       	ld	r24, Z
     ff0:	80 68       	ori	r24, 0x80	; 128
     ff2:	80 83       	st	Z, r24

	// Set up our stream so the get and put functions are used to
	// read/write characters via the serial port when we use stdio
	// functions.
	stdout = &serialio;
     ff4:	eb e1       	ldi	r30, 0x1B	; 27
     ff6:	f4 e0       	ldi	r31, 0x04	; 4
     ff8:	8a e0       	ldi	r24, 0x0A	; 10
     ffa:	91 e0       	ldi	r25, 0x01	; 1
     ffc:	93 83       	std	Z+3, r25	; 0x03
     ffe:	82 83       	std	Z+2, r24	; 0x02
	stdin = &serialio;
    1000:	91 83       	std	Z+1, r25	; 0x01
    1002:	80 83       	st	Z, r24
    1004:	08 95       	ret

00001006 <serial_input_available>:
}

bool serial_input_available(void)
{
	return bytes_in_input_buffer != 0;
    1006:	90 91 1a 04 	lds	r25, 0x041A	; 0x80041a <bytes_in_input_buffer>
    100a:	81 e0       	ldi	r24, 0x01	; 1
    100c:	91 11       	cpse	r25, r1
    100e:	01 c0       	rjmp	.+2      	; 0x1012 <serial_input_available+0xc>
    1010:	80 e0       	ldi	r24, 0x00	; 0
}
    1012:	08 95       	ret

00001014 <clear_serial_input_buffer>:

void clear_serial_input_buffer(void)
{
	// Just adjust our buffer data so it looks empty.
	input_insert_pos = 0;
    1014:	10 92 08 04 	sts	0x0408, r1	; 0x800408 <input_insert_pos>
	bytes_in_input_buffer = 0;
    1018:	10 92 1a 04 	sts	0x041A, r1	; 0x80041a <bytes_in_input_buffer>
    101c:	08 95       	ret

0000101e <spi_setup_master>:

void spi_setup_master(uint8_t clockdivider)
{
	// Make the SS, MOSI and SCK pins outputs. These are pins 4, 5 and 7
	// of port B on the ATmega324A.
	DDRB |= (1 << DDB7) | (1 << DDB5) | (1 << DDB4);
    101e:	94 b1       	in	r25, 0x04	; 4
    1020:	90 6b       	ori	r25, 0xB0	; 176
    1022:	94 b9       	out	0x04, r25	; 4

	// Set the slave select (SS) line high.
	PORTB |= (1 << PORTB4);
    1024:	95 b1       	in	r25, 0x05	; 5
    1026:	90 61       	ori	r25, 0x10	; 16
    1028:	95 b9       	out	0x05, r25	; 5
	
	// Set up the SPI control registers SPCR and SPSR. Enable SPI as use
	// Master Mode by setting the SPE and MSTR bits of SPCR0.
	SPCR0 = (1 << SPE0) | (1 << MSTR0);
    102a:	90 e5       	ldi	r25, 0x50	; 80
    102c:	9c bd       	out	0x2c, r25	; 44
	
	// Set SPR0 and SPR1 bits in SPCR and SPI2X bit in SPSR based on the
	// given clock divider. Invalid values default to the slowest speed.
	// We consider each bit in turn.
	switch (clockdivider)
    102e:	88 30       	cpi	r24, 0x08	; 8
    1030:	21 f0       	breq	.+8      	; 0x103a <spi_setup_master+0x1c>
    1032:	80 32       	cpi	r24, 0x20	; 32
    1034:	11 f0       	breq	.+4      	; 0x103a <spi_setup_master+0x1c>
    1036:	82 30       	cpi	r24, 0x02	; 2
    1038:	19 f4       	brne	.+6      	; 0x1040 <spi_setup_master+0x22>
	{
		case 2: // Fallthrough.
		case 8: // Fallthrough.
		case 32:
			SPSR0 = (1 << SPI2X0);
    103a:	91 e0       	ldi	r25, 0x01	; 1
    103c:	9d bd       	out	0x2d, r25	; 45
			break;
    103e:	01 c0       	rjmp	.+2      	; 0x1042 <spi_setup_master+0x24>
		default:
			SPSR0 = 0;
    1040:	1d bc       	out	0x2d, r1	; 45
			break;
	}
	switch (clockdivider)
    1042:	80 32       	cpi	r24, 0x20	; 32
    1044:	69 f0       	breq	.+26     	; 0x1060 <spi_setup_master+0x42>
    1046:	28 f4       	brcc	.+10     	; 0x1052 <spi_setup_master+0x34>
    1048:	88 30       	cpi	r24, 0x08	; 8
    104a:	71 f0       	breq	.+28     	; 0x1068 <spi_setup_master+0x4a>
    104c:	80 31       	cpi	r24, 0x10	; 16
    104e:	61 f0       	breq	.+24     	; 0x1068 <spi_setup_master+0x4a>
    1050:	0e c0       	rjmp	.+28     	; 0x106e <spi_setup_master+0x50>
    1052:	80 34       	cpi	r24, 0x40	; 64
    1054:	29 f0       	breq	.+10     	; 0x1060 <spi_setup_master+0x42>
    1056:	80 38       	cpi	r24, 0x80	; 128
    1058:	51 f4       	brne	.+20     	; 0x106e <spi_setup_master+0x50>
	{
		case 128:
			SPCR0 |= (1 << SPR00);
    105a:	8c b5       	in	r24, 0x2c	; 44
    105c:	81 60       	ori	r24, 0x01	; 1
    105e:	8c bd       	out	0x2c, r24	; 44
			// Fallthrough.
		case 32: // Fallthrough.
		case 64:
			SPCR0 |= (1 << SPR10);
    1060:	8c b5       	in	r24, 0x2c	; 44
    1062:	82 60       	ori	r24, 0x02	; 2
    1064:	8c bd       	out	0x2c, r24	; 44
			break;
    1066:	03 c0       	rjmp	.+6      	; 0x106e <spi_setup_master+0x50>
		case 8: // Fallthrough.
		case 16:
			SPCR0 |= (1 << SPR00);
    1068:	8c b5       	in	r24, 0x2c	; 44
    106a:	81 60       	ori	r24, 0x01	; 1
    106c:	8c bd       	out	0x2c, r24	; 44
			break;
	}

	// Take SS (slave select) line low.
	PORTB &= ~(1 << PORTB4);
    106e:	85 b1       	in	r24, 0x05	; 5
    1070:	8f 7e       	andi	r24, 0xEF	; 239
    1072:	85 b9       	out	0x05, r24	; 5
    1074:	08 95       	ret

00001076 <spi_send_byte>:
	// transfer. We then wait until the most significant bit of SPSR0
	// (SPIF0) is set - this indicates that the transfer is complete. The
	// final read of SPSR0 followed by a read of SPDR0 will cause the SPIF
	// bit to be reset to 0. See page 173 of the ATmega324A datasheet for
	// more info.
	SPDR0 = byte;
    1076:	8e bd       	out	0x2e, r24	; 46
	while ((SPSR0 & (1 << SPIF0)) == 0)
    1078:	0d b4       	in	r0, 0x2d	; 45
    107a:	07 fe       	sbrs	r0, 7
    107c:	fd cf       	rjmp	.-6      	; 0x1078 <spi_send_byte+0x2>
	{
		; // Wait.
	}
	return SPDR0;
    107e:	8e b5       	in	r24, 0x2e	; 46
}
    1080:	08 95       	ret

00001082 <display_initial_image>:
// Macro for getting next column number.
#define GET_NEXT_COLUMN(x, d) (((x) + 1) % countof((d)))

// Displays the initial image of the start screen.
static void display_initial_image(void)
{
    1082:	1f 93       	push	r17
    1084:	cf 93       	push	r28
    1086:	df 93       	push	r29
    1088:	cd b7       	in	r28, 0x3d	; 61
    108a:	de b7       	in	r29, 0x3e	; 62
    108c:	28 97       	sbiw	r28, 0x08	; 8
    108e:	0f b6       	in	r0, 0x3f	; 63
    1090:	f8 94       	cli
    1092:	de bf       	out	0x3e, r29	; 62
    1094:	0f be       	out	0x3f, r0	; 63
    1096:	cd bf       	out	0x3d, r28	; 61
	for (uint8_t col = 0; col < min(MATRIX_NUM_COLUMNS,
    1098:	10 e0       	ldi	r17, 0x00	; 0
    109a:	17 c0       	rjmp	.+46     	; 0x10ca <display_initial_image+0x48>
		countof(anim_data)); col++)
	{
		MatrixColumn column_data;
		memcpy_P(column_data, &anim_data[col], sizeof(column_data));
    109c:	61 2f       	mov	r22, r17
    109e:	70 e0       	ldi	r23, 0x00	; 0
    10a0:	66 0f       	add	r22, r22
    10a2:	77 1f       	adc	r23, r23
    10a4:	66 0f       	add	r22, r22
    10a6:	77 1f       	adc	r23, r23
    10a8:	66 0f       	add	r22, r22
    10aa:	77 1f       	adc	r23, r23
    10ac:	6d 5d       	subi	r22, 0xDD	; 221
    10ae:	7e 4f       	sbci	r23, 0xFE	; 254
    10b0:	48 e0       	ldi	r20, 0x08	; 8
    10b2:	50 e0       	ldi	r21, 0x00	; 0
    10b4:	ce 01       	movw	r24, r28
    10b6:	01 96       	adiw	r24, 0x01	; 1
    10b8:	0e 94 fe 0b 	call	0x17fc	; 0x17fc <memcpy_P>
		ledmatrix_update_column(col, column_data);
    10bc:	be 01       	movw	r22, r28
    10be:	6f 5f       	subi	r22, 0xFF	; 255
    10c0:	7f 4f       	sbci	r23, 0xFF	; 255
    10c2:	81 2f       	mov	r24, r17
    10c4:	0e 94 9d 04 	call	0x93a	; 0x93a <ledmatrix_update_column>

// Displays the initial image of the start screen.
static void display_initial_image(void)
{
	for (uint8_t col = 0; col < min(MATRIX_NUM_COLUMNS,
		countof(anim_data)); col++)
    10c8:	1f 5f       	subi	r17, 0xFF	; 255
#define GET_NEXT_COLUMN(x, d) (((x) + 1) % countof((d)))

// Displays the initial image of the start screen.
static void display_initial_image(void)
{
	for (uint8_t col = 0; col < min(MATRIX_NUM_COLUMNS,
    10ca:	10 31       	cpi	r17, 0x10	; 16
    10cc:	38 f3       	brcs	.-50     	; 0x109c <display_initial_image+0x1a>
	{
		MatrixColumn column_data;
		memcpy_P(column_data, &anim_data[col], sizeof(column_data));
		ledmatrix_update_column(col, column_data);
	}
}
    10ce:	28 96       	adiw	r28, 0x08	; 8
    10d0:	0f b6       	in	r0, 0x3f	; 63
    10d2:	f8 94       	cli
    10d4:	de bf       	out	0x3e, r29	; 62
    10d6:	0f be       	out	0x3f, r0	; 63
    10d8:	cd bf       	out	0x3d, r28	; 61
    10da:	df 91       	pop	r29
    10dc:	cf 91       	pop	r28
    10de:	1f 91       	pop	r17
    10e0:	08 95       	ret

000010e2 <display_next_column>:

// Displays the next column of the start screen.
static void display_next_column(void)
{
    10e2:	cf 93       	push	r28
    10e4:	df 93       	push	r29
    10e6:	cd b7       	in	r28, 0x3d	; 61
    10e8:	de b7       	in	r29, 0x3e	; 62
    10ea:	28 97       	sbiw	r28, 0x08	; 8
    10ec:	0f b6       	in	r0, 0x3f	; 63
    10ee:	f8 94       	cli
    10f0:	de bf       	out	0x3e, r29	; 62
    10f2:	0f be       	out	0x3f, r0	; 63
    10f4:	cd bf       	out	0x3d, r28	; 61
	ledmatrix_shift_display_left();
    10f6:	0e 94 ba 04 	call	0x974	; 0x974 <ledmatrix_shift_display_left>
	MatrixColumn column_data;
	memcpy_P(column_data, &anim_data[next_column], sizeof(column_data));
    10fa:	60 91 f7 02 	lds	r22, 0x02F7	; 0x8002f7 <next_column>
    10fe:	70 e0       	ldi	r23, 0x00	; 0
    1100:	66 0f       	add	r22, r22
    1102:	77 1f       	adc	r23, r23
    1104:	66 0f       	add	r22, r22
    1106:	77 1f       	adc	r23, r23
    1108:	66 0f       	add	r22, r22
    110a:	77 1f       	adc	r23, r23
    110c:	6d 5d       	subi	r22, 0xDD	; 221
    110e:	7e 4f       	sbci	r23, 0xFE	; 254
    1110:	48 e0       	ldi	r20, 0x08	; 8
    1112:	50 e0       	ldi	r21, 0x00	; 0
    1114:	ce 01       	movw	r24, r28
    1116:	01 96       	adiw	r24, 0x01	; 1
    1118:	0e 94 fe 0b 	call	0x17fc	; 0x17fc <memcpy_P>
	ledmatrix_update_column(MATRIX_NUM_COLUMNS - 1, column_data);
    111c:	be 01       	movw	r22, r28
    111e:	6f 5f       	subi	r22, 0xFF	; 255
    1120:	7f 4f       	sbci	r23, 0xFF	; 255
    1122:	8f e0       	ldi	r24, 0x0F	; 15
    1124:	0e 94 9d 04 	call	0x93a	; 0x93a <ledmatrix_update_column>
	next_column = GET_NEXT_COLUMN(next_column, anim_data);
    1128:	40 91 f7 02 	lds	r20, 0x02F7	; 0x8002f7 <next_column>
    112c:	50 e0       	ldi	r21, 0x00	; 0
    112e:	4f 5f       	subi	r20, 0xFF	; 255
    1130:	5f 4f       	sbci	r21, 0xFF	; 255
    1132:	9a 01       	movw	r18, r20
    1134:	36 95       	lsr	r19
    1136:	27 95       	ror	r18
    1138:	ab e7       	ldi	r26, 0x7B	; 123
    113a:	b4 e1       	ldi	r27, 0x14	; 20
    113c:	0e 94 4d 0b 	call	0x169a	; 0x169a <__umulhisi3>
    1140:	96 95       	lsr	r25
    1142:	87 95       	ror	r24
    1144:	62 e3       	ldi	r22, 0x32	; 50
    1146:	68 9f       	mul	r22, r24
    1148:	90 01       	movw	r18, r0
    114a:	69 9f       	mul	r22, r25
    114c:	30 0d       	add	r19, r0
    114e:	11 24       	eor	r1, r1
    1150:	ca 01       	movw	r24, r20
    1152:	82 1b       	sub	r24, r18
    1154:	93 0b       	sbc	r25, r19
    1156:	80 93 f7 02 	sts	0x02F7, r24	; 0x8002f7 <next_column>
	if (next_column == MATRIX_NUM_COLUMNS)
    115a:	80 31       	cpi	r24, 0x10	; 16
    115c:	29 f4       	brne	.+10     	; 0x1168 <display_next_column+0x86>
	{
		flags |= FLG_IS_NEW_CYCLE;
    115e:	80 91 00 03 	lds	r24, 0x0300	; 0x800300 <flags>
    1162:	81 60       	ori	r24, 0x01	; 1
    1164:	80 93 00 03 	sts	0x0300, r24	; 0x800300 <flags>
	}
}
    1168:	28 96       	adiw	r28, 0x08	; 8
    116a:	0f b6       	in	r0, 0x3f	; 63
    116c:	f8 94       	cli
    116e:	de bf       	out	0x3e, r29	; 62
    1170:	0f be       	out	0x3f, r0	; 63
    1172:	cd bf       	out	0x3d, r28	; 61
    1174:	df 91       	pop	r29
    1176:	cf 91       	pop	r28
    1178:	08 95       	ret

0000117a <display_title_pixel>:
		}
	}
}

static bool display_title_pixel(uint8_t line, uint8_t col, bool coloured)
{
    117a:	ef 92       	push	r14
    117c:	ff 92       	push	r15
    117e:	0f 93       	push	r16
    1180:	1f 93       	push	r17
    1182:	cf 93       	push	r28
    1184:	df 93       	push	r29
    1186:	cd b7       	in	r28, 0x3d	; 61
    1188:	de b7       	in	r29, 0x3e	; 62
    118a:	28 97       	sbiw	r28, 0x08	; 8
    118c:	0f b6       	in	r0, 0x3f	; 63
    118e:	f8 94       	cli
    1190:	de bf       	out	0x3e, r29	; 62
    1192:	0f be       	out	0x3f, r0	; 63
    1194:	cd bf       	out	0x3d, r28	; 61
    1196:	f6 2e       	mov	r15, r22
    1198:	e4 2e       	mov	r14, r20
	uint64_t data;
	memcpy_P(&data, &title_data[line], sizeof(data));
    119a:	68 2f       	mov	r22, r24
    119c:	70 e0       	ldi	r23, 0x00	; 0
    119e:	66 0f       	add	r22, r22
    11a0:	77 1f       	adc	r23, r23
    11a2:	66 0f       	add	r22, r22
    11a4:	77 1f       	adc	r23, r23
    11a6:	66 0f       	add	r22, r22
    11a8:	77 1f       	adc	r23, r23
    11aa:	65 50       	subi	r22, 0x05	; 5
    11ac:	7f 4f       	sbci	r23, 0xFF	; 255
    11ae:	48 e0       	ldi	r20, 0x08	; 8
    11b0:	50 e0       	ldi	r21, 0x00	; 0
    11b2:	ce 01       	movw	r24, r28
    11b4:	01 96       	adiw	r24, 0x01	; 1
    11b6:	0e 94 fe 0b 	call	0x17fc	; 0x17fc <memcpy_P>
	if (data & ((uint64_t)1U << (63 - col)))
    11ba:	0f e3       	ldi	r16, 0x3F	; 63
    11bc:	10 e0       	ldi	r17, 0x00	; 0
    11be:	0f 19       	sub	r16, r15
    11c0:	11 09       	sbc	r17, r1
    11c2:	29 81       	ldd	r18, Y+1	; 0x01
    11c4:	3a 81       	ldd	r19, Y+2	; 0x02
    11c6:	4b 81       	ldd	r20, Y+3	; 0x03
    11c8:	5c 81       	ldd	r21, Y+4	; 0x04
    11ca:	6d 81       	ldd	r22, Y+5	; 0x05
    11cc:	7e 81       	ldd	r23, Y+6	; 0x06
    11ce:	8f 81       	ldd	r24, Y+7	; 0x07
    11d0:	98 85       	ldd	r25, Y+8	; 0x08
    11d2:	0e 94 5e 0b 	call	0x16bc	; 0x16bc <__lshrdi3>
    11d6:	21 70       	andi	r18, 0x01	; 1
    11d8:	30 e0       	ldi	r19, 0x00	; 0
    11da:	40 e0       	ldi	r20, 0x00	; 0
    11dc:	50 e0       	ldi	r21, 0x00	; 0
    11de:	60 e0       	ldi	r22, 0x00	; 0
    11e0:	70 e0       	ldi	r23, 0x00	; 0
    11e2:	80 e0       	ldi	r24, 0x00	; 0
    11e4:	90 e0       	ldi	r25, 0x00	; 0
    11e6:	a0 e0       	ldi	r26, 0x00	; 0
    11e8:	0e 94 7a 0b 	call	0x16f4	; 0x16f4 <__cmpdi2_s8>
    11ec:	c1 f0       	breq	.+48     	; 0x121e <display_title_pixel+0xa4>
	{
		if (!coloured)
    11ee:	e1 10       	cpse	r14, r1
    11f0:	1b c0       	rjmp	.+54     	; 0x1228 <display_title_pixel+0xae>
    11f2:	10 e0       	ldi	r17, 0x00	; 0
    11f4:	0f c0       	rjmp	.+30     	; 0x1214 <display_title_pixel+0x9a>
		{
			for (uint8_t j = 0; j < countof(title_pos); j++)
			{
				if (col <= title_pos[j])
    11f6:	81 2f       	mov	r24, r17
    11f8:	90 e0       	ldi	r25, 0x00	; 0
    11fa:	fc 01       	movw	r30, r24
    11fc:	ed 59       	subi	r30, 0x9D	; 157
    11fe:	fd 4f       	sbci	r31, 0xFD	; 253
    1200:	20 81       	ld	r18, Z
    1202:	2f 15       	cp	r18, r15
    1204:	30 f0       	brcs	.+12     	; 0x1212 <display_title_pixel+0x98>
				{
					set_display_attribute(title_attr[j]);
    1206:	fc 01       	movw	r30, r24
    1208:	e4 5a       	subi	r30, 0xA4	; 164
    120a:	fd 4f       	sbci	r31, 0xFD	; 253
    120c:	80 81       	ld	r24, Z
    120e:	0e 94 34 0a 	call	0x1468	; 0x1468 <set_display_attribute>
	memcpy_P(&data, &title_data[line], sizeof(data));
	if (data & ((uint64_t)1U << (63 - col)))
	{
		if (!coloured)
		{
			for (uint8_t j = 0; j < countof(title_pos); j++)
    1212:	1f 5f       	subi	r17, 0xFF	; 255
    1214:	17 30       	cpi	r17, 0x07	; 7
    1216:	78 f3       	brcs	.-34     	; 0x11f6 <display_title_pixel+0x7c>
				if (col <= title_pos[j])
				{
					set_display_attribute(title_attr[j]);
				}
			}
			coloured = true;
    1218:	ee 24       	eor	r14, r14
    121a:	e3 94       	inc	r14
    121c:	05 c0       	rjmp	.+10     	; 0x1228 <display_title_pixel+0xae>
		}
	}
	else
	{
		if (coloured)
    121e:	ee 20       	and	r14, r14
    1220:	19 f0       	breq	.+6      	; 0x1228 <display_title_pixel+0xae>
		{
			normal_display_mode();
    1222:	0e 94 19 0a 	call	0x1432	; 0x1432 <normal_display_mode>
			coloured = false;
    1226:	e1 2c       	mov	r14, r1
		}
		
	}
	putchar(' ');
    1228:	60 91 1d 04 	lds	r22, 0x041D	; 0x80041d <__iob+0x2>
    122c:	70 91 1e 04 	lds	r23, 0x041E	; 0x80041e <__iob+0x3>
    1230:	80 e2       	ldi	r24, 0x20	; 32
    1232:	90 e0       	ldi	r25, 0x00	; 0
    1234:	0e 94 45 0c 	call	0x188a	; 0x188a <fputc>
	return coloured;
}
    1238:	8e 2d       	mov	r24, r14
    123a:	28 96       	adiw	r28, 0x08	; 8
    123c:	0f b6       	in	r0, 0x3f	; 63
    123e:	f8 94       	cli
    1240:	de bf       	out	0x3e, r29	; 62
    1242:	0f be       	out	0x3f, r0	; 63
    1244:	cd bf       	out	0x3d, r28	; 61
    1246:	df 91       	pop	r29
    1248:	cf 91       	pop	r28
    124a:	1f 91       	pop	r17
    124c:	0f 91       	pop	r16
    124e:	ff 90       	pop	r15
    1250:	ef 90       	pop	r14
    1252:	08 95       	ret

00001254 <setup_start_screen>:
	}
}

void setup_start_screen(void)
{
	ledmatrix_clear();
    1254:	0e 94 c1 04 	call	0x982	; 0x982 <ledmatrix_clear>
	display_initial_image();
    1258:	0e 94 41 08 	call	0x1082	; 0x1082 <display_initial_image>
	flags |= FLG_IS_NEW_CYCLE;
    125c:	80 91 00 03 	lds	r24, 0x0300	; 0x800300 <flags>
    1260:	81 60       	ori	r24, 0x01	; 1
    1262:	80 93 00 03 	sts	0x0300, r24	; 0x800300 <flags>
    1266:	08 95       	ret

00001268 <update_start_screen>:
}

void update_start_screen(void)
{
    1268:	cf 92       	push	r12
    126a:	df 92       	push	r13
    126c:	ef 92       	push	r14
    126e:	ff 92       	push	r15
	uint32_t time = get_current_time();
    1270:	0e 94 60 0a 	call	0x14c0	; 0x14c0 <get_current_time>
    1274:	6b 01       	movw	r12, r22
    1276:	7c 01       	movw	r14, r24

	if (flags & FLG_IS_NEW_CYCLE)
    1278:	80 91 00 03 	lds	r24, 0x0300	; 0x800300 <flags>
    127c:	80 ff       	sbrs	r24, 0
    127e:	16 c0       	rjmp	.+44     	; 0x12ac <update_start_screen+0x44>
	{
		flashing_start_time = time;
    1280:	c0 92 fc 02 	sts	0x02FC, r12	; 0x8002fc <flashing_start_time>
    1284:	d0 92 fd 02 	sts	0x02FD, r13	; 0x8002fd <flashing_start_time+0x1>
    1288:	e0 92 fe 02 	sts	0x02FE, r14	; 0x8002fe <flashing_start_time+0x2>
    128c:	f0 92 ff 02 	sts	0x02FF, r15	; 0x8002ff <flashing_start_time+0x3>
		last_update_time = time;
    1290:	c0 92 f8 02 	sts	0x02F8, r12	; 0x8002f8 <last_update_time>
    1294:	d0 92 f9 02 	sts	0x02F9, r13	; 0x8002f9 <last_update_time+0x1>
    1298:	e0 92 fa 02 	sts	0x02FA, r14	; 0x8002fa <last_update_time+0x2>
    129c:	f0 92 fb 02 	sts	0x02FB, r15	; 0x8002fb <last_update_time+0x3>
		next_column = MATRIX_NUM_COLUMNS;
    12a0:	90 e1       	ldi	r25, 0x10	; 16
    12a2:	90 93 f7 02 	sts	0x02F7, r25	; 0x8002f7 <next_column>
		flags &= ((~FLG_IS_NEW_CYCLE) & (~FLG_IS_FLASH_DONE) &
    12a6:	88 7f       	andi	r24, 0xF8	; 248
    12a8:	80 93 00 03 	sts	0x0300, r24	; 0x800300 <flags>
			(~FLG_TOGGLE_ON));
	}

	if (next_column == MATRIX_NUM_COLUMNS)
    12ac:	80 91 f7 02 	lds	r24, 0x02F7	; 0x8002f7 <next_column>
    12b0:	80 31       	cpi	r24, 0x10	; 16
    12b2:	09 f0       	breq	.+2      	; 0x12b6 <update_start_screen+0x4e>
    12b4:	64 c0       	rjmp	.+200    	; 0x137e <update_start_screen+0x116>
	{
		if (time > flashing_start_time + FLASH_TIME + STATIC_TIME)
    12b6:	80 91 fc 02 	lds	r24, 0x02FC	; 0x8002fc <flashing_start_time>
    12ba:	90 91 fd 02 	lds	r25, 0x02FD	; 0x8002fd <flashing_start_time+0x1>
    12be:	a0 91 fe 02 	lds	r26, 0x02FE	; 0x8002fe <flashing_start_time+0x2>
    12c2:	b0 91 ff 02 	lds	r27, 0x02FF	; 0x8002ff <flashing_start_time+0x3>
    12c6:	ac 01       	movw	r20, r24
    12c8:	bd 01       	movw	r22, r26
    12ca:	40 53       	subi	r20, 0x30	; 48
    12cc:	58 4f       	sbci	r21, 0xF8	; 248
    12ce:	6f 4f       	sbci	r22, 0xFF	; 255
    12d0:	7f 4f       	sbci	r23, 0xFF	; 255
    12d2:	4c 15       	cp	r20, r12
    12d4:	5d 05       	cpc	r21, r13
    12d6:	6e 05       	cpc	r22, r14
    12d8:	7f 05       	cpc	r23, r15
    12da:	58 f4       	brcc	.+22     	; 0x12f2 <update_start_screen+0x8a>
		{
			// Two seconds have passed since start of flashing,
			// display next column.
			display_next_column();
    12dc:	0e 94 71 08 	call	0x10e2	; 0x10e2 <display_next_column>
			last_update_time = time;
    12e0:	c0 92 f8 02 	sts	0x02F8, r12	; 0x8002f8 <last_update_time>
    12e4:	d0 92 f9 02 	sts	0x02F9, r13	; 0x8002f9 <last_update_time+0x1>
    12e8:	e0 92 fa 02 	sts	0x02FA, r14	; 0x8002fa <last_update_time+0x2>
    12ec:	f0 92 fb 02 	sts	0x02FB, r15	; 0x8002fb <last_update_time+0x3>
    12f0:	61 c0       	rjmp	.+194    	; 0x13b4 <update_start_screen+0x14c>
		}
		else if (!(flags & FLG_IS_FLASH_DONE) && time >
    12f2:	20 91 00 03 	lds	r18, 0x0300	; 0x800300 <flags>
    12f6:	32 2f       	mov	r19, r18
    12f8:	32 70       	andi	r19, 0x02	; 2
    12fa:	21 fd       	sbrc	r18, 1
    12fc:	19 c0       	rjmp	.+50     	; 0x1330 <update_start_screen+0xc8>
			flashing_start_time + FLASH_TIME)
    12fe:	88 51       	subi	r24, 0x18	; 24
    1300:	9c 4f       	sbci	r25, 0xFC	; 252
    1302:	af 4f       	sbci	r26, 0xFF	; 255
    1304:	bf 4f       	sbci	r27, 0xFF	; 255
			// Two seconds have passed since start of flashing,
			// display next column.
			display_next_column();
			last_update_time = time;
		}
		else if (!(flags & FLG_IS_FLASH_DONE) && time >
    1306:	8c 15       	cp	r24, r12
    1308:	9d 05       	cpc	r25, r13
    130a:	ae 05       	cpc	r26, r14
    130c:	bf 05       	cpc	r27, r15
    130e:	80 f4       	brcc	.+32     	; 0x1330 <update_start_screen+0xc8>
			flashing_start_time + FLASH_TIME)
		{
			// One second has passed since the start of flashing,
			// turn off flashing.
			display_initial_image();
    1310:	0e 94 41 08 	call	0x1082	; 0x1082 <display_initial_image>
			flags |= FLG_IS_FLASH_DONE;
    1314:	80 91 00 03 	lds	r24, 0x0300	; 0x800300 <flags>
    1318:	82 60       	ori	r24, 0x02	; 2
    131a:	80 93 00 03 	sts	0x0300, r24	; 0x800300 <flags>
			last_update_time = time;
    131e:	c0 92 f8 02 	sts	0x02F8, r12	; 0x8002f8 <last_update_time>
    1322:	d0 92 f9 02 	sts	0x02F9, r13	; 0x8002f9 <last_update_time+0x1>
    1326:	e0 92 fa 02 	sts	0x02FA, r14	; 0x8002fa <last_update_time+0x2>
    132a:	f0 92 fb 02 	sts	0x02FB, r15	; 0x8002fb <last_update_time+0x3>
    132e:	42 c0       	rjmp	.+132    	; 0x13b4 <update_start_screen+0x14c>
		}
		else if (!(flags & FLG_IS_FLASH_DONE) && time >
    1330:	31 11       	cpse	r19, r1
    1332:	40 c0       	rjmp	.+128    	; 0x13b4 <update_start_screen+0x14c>
			last_update_time + FLASH_SPEED)
    1334:	80 91 f8 02 	lds	r24, 0x02F8	; 0x8002f8 <last_update_time>
    1338:	90 91 f9 02 	lds	r25, 0x02F9	; 0x8002f9 <last_update_time+0x1>
    133c:	a0 91 fa 02 	lds	r26, 0x02FA	; 0x8002fa <last_update_time+0x2>
    1340:	b0 91 fb 02 	lds	r27, 0x02FB	; 0x8002fb <last_update_time+0x3>
    1344:	8c 59       	subi	r24, 0x9C	; 156
    1346:	9f 4f       	sbci	r25, 0xFF	; 255
    1348:	af 4f       	sbci	r26, 0xFF	; 255
    134a:	bf 4f       	sbci	r27, 0xFF	; 255
			// turn off flashing.
			display_initial_image();
			flags |= FLG_IS_FLASH_DONE;
			last_update_time = time;
		}
		else if (!(flags & FLG_IS_FLASH_DONE) && time >
    134c:	8c 15       	cp	r24, r12
    134e:	9d 05       	cpc	r25, r13
    1350:	ae 05       	cpc	r26, r14
    1352:	bf 05       	cpc	r27, r15
    1354:	78 f5       	brcc	.+94     	; 0x13b4 <update_start_screen+0x14c>
			last_update_time + FLASH_SPEED)
		{
			// 0.1 seconds passed since last flash, flash the LED
			// matrix.
			if ((flags ^= FLG_TOGGLE_ON) & FLG_TOGGLE_ON)
    1356:	84 e0       	ldi	r24, 0x04	; 4
    1358:	28 27       	eor	r18, r24
    135a:	20 93 00 03 	sts	0x0300, r18	; 0x800300 <flags>
    135e:	22 ff       	sbrs	r18, 2
    1360:	03 c0       	rjmp	.+6      	; 0x1368 <update_start_screen+0x100>
			{
				ledmatrix_clear();
    1362:	0e 94 c1 04 	call	0x982	; 0x982 <ledmatrix_clear>
    1366:	02 c0       	rjmp	.+4      	; 0x136c <update_start_screen+0x104>
			}
			else
			{
				display_initial_image();
    1368:	0e 94 41 08 	call	0x1082	; 0x1082 <display_initial_image>
			}
			last_update_time = time;
    136c:	c0 92 f8 02 	sts	0x02F8, r12	; 0x8002f8 <last_update_time>
    1370:	d0 92 f9 02 	sts	0x02F9, r13	; 0x8002f9 <last_update_time+0x1>
    1374:	e0 92 fa 02 	sts	0x02FA, r14	; 0x8002fa <last_update_time+0x2>
    1378:	f0 92 fb 02 	sts	0x02FB, r15	; 0x8002fb <last_update_time+0x3>
    137c:	1b c0       	rjmp	.+54     	; 0x13b4 <update_start_screen+0x14c>
		}
	}
	else
	{
		if (time > last_update_time + SCROLL_SPEED)
    137e:	80 91 f8 02 	lds	r24, 0x02F8	; 0x8002f8 <last_update_time>
    1382:	90 91 f9 02 	lds	r25, 0x02F9	; 0x8002f9 <last_update_time+0x1>
    1386:	a0 91 fa 02 	lds	r26, 0x02FA	; 0x8002fa <last_update_time+0x2>
    138a:	b0 91 fb 02 	lds	r27, 0x02FB	; 0x8002fb <last_update_time+0x3>
    138e:	88 53       	subi	r24, 0x38	; 56
    1390:	9f 4f       	sbci	r25, 0xFF	; 255
    1392:	af 4f       	sbci	r26, 0xFF	; 255
    1394:	bf 4f       	sbci	r27, 0xFF	; 255
    1396:	8c 15       	cp	r24, r12
    1398:	9d 05       	cpc	r25, r13
    139a:	ae 05       	cpc	r26, r14
    139c:	bf 05       	cpc	r27, r15
    139e:	50 f4       	brcc	.+20     	; 0x13b4 <update_start_screen+0x14c>
		{
			display_next_column();
    13a0:	0e 94 71 08 	call	0x10e2	; 0x10e2 <display_next_column>
			last_update_time = time;
    13a4:	c0 92 f8 02 	sts	0x02F8, r12	; 0x8002f8 <last_update_time>
    13a8:	d0 92 f9 02 	sts	0x02F9, r13	; 0x8002f9 <last_update_time+0x1>
    13ac:	e0 92 fa 02 	sts	0x02FA, r14	; 0x8002fa <last_update_time+0x2>
    13b0:	f0 92 fb 02 	sts	0x02FB, r15	; 0x8002fb <last_update_time+0x3>
		}
	}
}
    13b4:	ff 90       	pop	r15
    13b6:	ef 90       	pop	r14
    13b8:	df 90       	pop	r13
    13ba:	cf 90       	pop	r12
    13bc:	08 95       	ret

000013be <display_terminal_title>:
	putchar(' ');
	return coloured;
}

void display_terminal_title(uint8_t row, uint8_t col)
{
    13be:	ff 92       	push	r15
    13c0:	0f 93       	push	r16
    13c2:	1f 93       	push	r17
    13c4:	cf 93       	push	r28
    13c6:	df 93       	push	r29
    13c8:	f8 2e       	mov	r15, r24
    13ca:	06 2f       	mov	r16, r22
	bool coloured = false;
	for (uint8_t line = 0; line < countof(title_data); line++)
    13cc:	10 e0       	ldi	r17, 0x00	; 0
	return coloured;
}

void display_terminal_title(uint8_t row, uint8_t col)
{
	bool coloured = false;
    13ce:	d0 e0       	ldi	r29, 0x00	; 0
	for (uint8_t line = 0; line < countof(title_data); line++)
    13d0:	14 c0       	rjmp	.+40     	; 0x13fa <display_terminal_title+0x3c>
	{
		move_terminal_cursor(line + row, col);
    13d2:	60 2f       	mov	r22, r16
    13d4:	70 e0       	ldi	r23, 0x00	; 0
    13d6:	8f 2d       	mov	r24, r15
    13d8:	90 e0       	ldi	r25, 0x00	; 0
    13da:	81 0f       	add	r24, r17
    13dc:	91 1d       	adc	r25, r1
    13de:	0e 94 05 0a 	call	0x140a	; 0x140a <move_terminal_cursor>
		for (uint8_t i = 0; i < 64; i++)
    13e2:	c0 e0       	ldi	r28, 0x00	; 0
    13e4:	07 c0       	rjmp	.+14     	; 0x13f4 <display_terminal_title+0x36>
		{
			coloured = display_title_pixel(line, i, coloured);
    13e6:	4d 2f       	mov	r20, r29
    13e8:	6c 2f       	mov	r22, r28
    13ea:	81 2f       	mov	r24, r17
    13ec:	0e 94 bd 08 	call	0x117a	; 0x117a <display_title_pixel>
    13f0:	d8 2f       	mov	r29, r24
{
	bool coloured = false;
	for (uint8_t line = 0; line < countof(title_data); line++)
	{
		move_terminal_cursor(line + row, col);
		for (uint8_t i = 0; i < 64; i++)
    13f2:	cf 5f       	subi	r28, 0xFF	; 255
    13f4:	c0 34       	cpi	r28, 0x40	; 64
    13f6:	b8 f3       	brcs	.-18     	; 0x13e6 <display_terminal_title+0x28>
}

void display_terminal_title(uint8_t row, uint8_t col)
{
	bool coloured = false;
	for (uint8_t line = 0; line < countof(title_data); line++)
    13f8:	1f 5f       	subi	r17, 0xFF	; 255
    13fa:	15 30       	cpi	r17, 0x05	; 5
    13fc:	50 f3       	brcs	.-44     	; 0x13d2 <display_terminal_title+0x14>
		for (uint8_t i = 0; i < 64; i++)
		{
			coloured = display_title_pixel(line, i, coloured);
		}
	}
}
    13fe:	df 91       	pop	r29
    1400:	cf 91       	pop	r28
    1402:	1f 91       	pop	r17
    1404:	0f 91       	pop	r16
    1406:	ff 90       	pop	r15
    1408:	08 95       	ret

0000140a <move_terminal_cursor>:
}

void reverse_video(void)
{
	printf_P(PSTR("\x1b[7m"));
}
    140a:	6f 5f       	subi	r22, 0xFF	; 255
    140c:	7f 4f       	sbci	r23, 0xFF	; 255
    140e:	7f 93       	push	r23
    1410:	6f 93       	push	r22
    1412:	01 96       	adiw	r24, 0x01	; 1
    1414:	9f 93       	push	r25
    1416:	8f 93       	push	r24
    1418:	8e ec       	ldi	r24, 0xCE	; 206
    141a:	92 e0       	ldi	r25, 0x02	; 2
    141c:	9f 93       	push	r25
    141e:	8f 93       	push	r24
    1420:	0e 94 81 0c 	call	0x1902	; 0x1902 <printf_P>
    1424:	0f 90       	pop	r0
    1426:	0f 90       	pop	r0
    1428:	0f 90       	pop	r0
    142a:	0f 90       	pop	r0
    142c:	0f 90       	pop	r0
    142e:	0f 90       	pop	r0
    1430:	08 95       	ret

00001432 <normal_display_mode>:
    1432:	89 ec       	ldi	r24, 0xC9	; 201
    1434:	92 e0       	ldi	r25, 0x02	; 2
    1436:	9f 93       	push	r25
    1438:	8f 93       	push	r24
    143a:	0e 94 81 0c 	call	0x1902	; 0x1902 <printf_P>
    143e:	0f 90       	pop	r0
    1440:	0f 90       	pop	r0
    1442:	08 95       	ret

00001444 <clear_terminal>:

void clear_terminal(void)
{
	printf_P(PSTR("\x1b[2J"));
    1444:	84 ec       	ldi	r24, 0xC4	; 196
    1446:	92 e0       	ldi	r25, 0x02	; 2
    1448:	9f 93       	push	r25
    144a:	8f 93       	push	r24
    144c:	0e 94 81 0c 	call	0x1902	; 0x1902 <printf_P>
}
    1450:	0f 90       	pop	r0
    1452:	0f 90       	pop	r0
    1454:	08 95       	ret

00001456 <clear_to_end_of_line>:

void clear_to_end_of_line(void)
{
	printf_P(PSTR("\x1b[K"));
    1456:	80 ec       	ldi	r24, 0xC0	; 192
    1458:	92 e0       	ldi	r25, 0x02	; 2
    145a:	9f 93       	push	r25
    145c:	8f 93       	push	r24
    145e:	0e 94 81 0c 	call	0x1902	; 0x1902 <printf_P>
}
    1462:	0f 90       	pop	r0
    1464:	0f 90       	pop	r0
    1466:	08 95       	ret

00001468 <set_display_attribute>:

void set_display_attribute(DisplayParameter parameter)
{
	printf_P(PSTR("\x1b[%dm"), parameter);
    1468:	1f 92       	push	r1
    146a:	8f 93       	push	r24
    146c:	8a eb       	ldi	r24, 0xBA	; 186
    146e:	92 e0       	ldi	r25, 0x02	; 2
    1470:	9f 93       	push	r25
    1472:	8f 93       	push	r24
    1474:	0e 94 81 0c 	call	0x1902	; 0x1902 <printf_P>
}
    1478:	0f 90       	pop	r0
    147a:	0f 90       	pop	r0
    147c:	0f 90       	pop	r0
    147e:	0f 90       	pop	r0
    1480:	08 95       	ret

00001482 <hide_cursor>:

void hide_cursor(void)
{
	printf_P(PSTR("\x1b[?25l"));
    1482:	83 eb       	ldi	r24, 0xB3	; 179
    1484:	92 e0       	ldi	r25, 0x02	; 2
    1486:	9f 93       	push	r25
    1488:	8f 93       	push	r24
    148a:	0e 94 81 0c 	call	0x1902	; 0x1902 <printf_P>
}
    148e:	0f 90       	pop	r0
    1490:	0f 90       	pop	r0
    1492:	08 95       	ret

00001494 <init_timer0>:
static volatile uint32_t clock_ticks_ms;

void init_timer0(void)
{
	// Reset clock tick count. L indicates a long (32 bit) constant.
	clock_ticks_ms = 0L;
    1494:	10 92 01 03 	sts	0x0301, r1	; 0x800301 <clock_ticks_ms>
    1498:	10 92 02 03 	sts	0x0302, r1	; 0x800302 <clock_ticks_ms+0x1>
    149c:	10 92 03 03 	sts	0x0303, r1	; 0x800303 <clock_ticks_ms+0x2>
    14a0:	10 92 04 03 	sts	0x0304, r1	; 0x800304 <clock_ticks_ms+0x3>
	// interrupt every 64 x 125 clock cycles, i.e. every 1 milliseconds
	// with an 8MHz clock. The counter will be reset to 0 when it reaches
	// it's output compare value.

	// Clear the timer.
	TCNT0 = 0;
    14a4:	16 bc       	out	0x26, r1	; 38

	// Set the output compare value to be 124.
	OCR0A = 124;
    14a6:	8c e7       	ldi	r24, 0x7C	; 124
    14a8:	87 bd       	out	0x27, r24	; 39

	// Set the timer to clear on compare match (CTC mode) and to
	// divide the clock by 64. This starts the timer running.
	TCCR0A = (1 << WGM01);
    14aa:	92 e0       	ldi	r25, 0x02	; 2
    14ac:	94 bd       	out	0x24, r25	; 36
	TCCR0B = (1 << CS01) | (1 << CS00);
    14ae:	83 e0       	ldi	r24, 0x03	; 3
    14b0:	85 bd       	out	0x25, r24	; 37

	// Enable an interrupt on output compare match. Note that
	// interrupts have to be enabled globally before the interrupts
	// will fire.
	TIMSK0 |= (1 << OCIE0A);
    14b2:	ee e6       	ldi	r30, 0x6E	; 110
    14b4:	f0 e0       	ldi	r31, 0x00	; 0
    14b6:	80 81       	ld	r24, Z
    14b8:	82 60       	ori	r24, 0x02	; 2
    14ba:	80 83       	st	Z, r24

	// Make sure the interrupt flag is cleared by writing a 1 to it.
	TIFR0 = (1 << OCF0A);
    14bc:	95 bb       	out	0x15, r25	; 21
    14be:	08 95       	ret

000014c0 <get_current_time>:
uint32_t get_current_time(void)
{
	// Disable interrupts so we can be sure that the interrupt doesn't
	// fire when we've copied just a couple of bytes of the value.
	// Interrupts are re-enabled if they were enabled at the start.
	uint8_t interrupts_were_enabled = bit_is_set(SREG, SREG_I);
    14c0:	8f b7       	in	r24, 0x3f	; 63
    14c2:	28 2f       	mov	r18, r24
    14c4:	20 78       	andi	r18, 0x80	; 128
	cli();
    14c6:	f8 94       	cli
	uint32_t result = clock_ticks_ms;
    14c8:	60 91 01 03 	lds	r22, 0x0301	; 0x800301 <clock_ticks_ms>
    14cc:	70 91 02 03 	lds	r23, 0x0302	; 0x800302 <clock_ticks_ms+0x1>
    14d0:	80 91 03 03 	lds	r24, 0x0303	; 0x800303 <clock_ticks_ms+0x2>
    14d4:	90 91 04 03 	lds	r25, 0x0304	; 0x800304 <clock_ticks_ms+0x3>
	if (interrupts_were_enabled)
    14d8:	22 23       	and	r18, r18
    14da:	09 f0       	breq	.+2      	; 0x14de <get_current_time+0x1e>
	{
		sei();
    14dc:	78 94       	sei
	}
	return result;
}
    14de:	08 95       	ret

000014e0 <__vector_16>:

// Interrupt handler for clock tick.
ISR(TIMER0_COMPA_vect)
{
    14e0:	1f 92       	push	r1
    14e2:	0f 92       	push	r0
    14e4:	0f b6       	in	r0, 0x3f	; 63
    14e6:	0f 92       	push	r0
    14e8:	11 24       	eor	r1, r1
    14ea:	8f 93       	push	r24
    14ec:	9f 93       	push	r25
    14ee:	af 93       	push	r26
    14f0:	bf 93       	push	r27
	// Increment our clock tick count.
	clock_ticks_ms++;
    14f2:	80 91 01 03 	lds	r24, 0x0301	; 0x800301 <clock_ticks_ms>
    14f6:	90 91 02 03 	lds	r25, 0x0302	; 0x800302 <clock_ticks_ms+0x1>
    14fa:	a0 91 03 03 	lds	r26, 0x0303	; 0x800303 <clock_ticks_ms+0x2>
    14fe:	b0 91 04 03 	lds	r27, 0x0304	; 0x800304 <clock_ticks_ms+0x3>
    1502:	01 96       	adiw	r24, 0x01	; 1
    1504:	a1 1d       	adc	r26, r1
    1506:	b1 1d       	adc	r27, r1
    1508:	80 93 01 03 	sts	0x0301, r24	; 0x800301 <clock_ticks_ms>
    150c:	90 93 02 03 	sts	0x0302, r25	; 0x800302 <clock_ticks_ms+0x1>
    1510:	a0 93 03 03 	sts	0x0303, r26	; 0x800303 <clock_ticks_ms+0x2>
    1514:	b0 93 04 03 	sts	0x0304, r27	; 0x800304 <clock_ticks_ms+0x3>
}
    1518:	bf 91       	pop	r27
    151a:	af 91       	pop	r26
    151c:	9f 91       	pop	r25
    151e:	8f 91       	pop	r24
    1520:	0f 90       	pop	r0
    1522:	0f be       	out	0x3f, r0	; 63
    1524:	0f 90       	pop	r0
    1526:	1f 90       	pop	r1
    1528:	18 95       	reti

0000152a <init_timer1>:
#include <avr/interrupt.h>

void init_timer1(void)
{
	// Setup timer 1.
	TCNT1 = 0;
    152a:	10 92 85 00 	sts	0x0085, r1	; 0x800085 <__TEXT_REGION_LENGTH__+0x7f8085>
    152e:	10 92 84 00 	sts	0x0084, r1	; 0x800084 <__TEXT_REGION_LENGTH__+0x7f8084>
    1532:	08 95       	ret

00001534 <init_timer2>:
	DDRA = 0xFF;

	
}
void increment_step_count(void) {
	step_count = (step_count + 1) % 100;
    1534:	10 92 b2 00 	sts	0x00B2, r1	; 0x8000b2 <__TEXT_REGION_LENGTH__+0x7f80b2>
    1538:	8f ef       	ldi	r24, 0xFF	; 255
    153a:	87 b9       	out	0x07, r24	; 7
    153c:	81 b9       	out	0x01, r24	; 1
    153e:	08 95       	ret

00001540 <display_step_count>:
}

// Display the current step count on the seven-segment display
void display_step_count(void) {
	if (seven_seg_cc == 0) {
    1540:	80 91 05 03 	lds	r24, 0x0305	; 0x800305 <seven_seg_cc>
    1544:	81 11       	cpse	r24, r1
    1546:	15 c0       	rjmp	.+42     	; 0x1572 <display_step_count+0x32>
		// Display right digit (units place)
		PORTA = seven_seg[step_count % 10];
    1548:	e0 91 06 03 	lds	r30, 0x0306	; 0x800306 <step_count>
    154c:	8d ec       	ldi	r24, 0xCD	; 205
    154e:	e8 9f       	mul	r30, r24
    1550:	81 2d       	mov	r24, r1
    1552:	11 24       	eor	r1, r1
    1554:	86 95       	lsr	r24
    1556:	86 95       	lsr	r24
    1558:	86 95       	lsr	r24
    155a:	88 0f       	add	r24, r24
    155c:	98 2f       	mov	r25, r24
    155e:	99 0f       	add	r25, r25
    1560:	99 0f       	add	r25, r25
    1562:	89 0f       	add	r24, r25
    1564:	e8 1b       	sub	r30, r24
    1566:	f0 e0       	ldi	r31, 0x00	; 0
    1568:	e8 5e       	subi	r30, 0xE8	; 232
    156a:	fe 4f       	sbci	r31, 0xFE	; 254
    156c:	80 81       	ld	r24, Z
    156e:	82 b9       	out	0x02, r24	; 2
    1570:	11 c0       	rjmp	.+34     	; 0x1594 <display_step_count+0x54>
		} else {
		// Display left digit (tens place)
		uint8_t left_digit = step_count / 10;
    1572:	80 91 06 03 	lds	r24, 0x0306	; 0x800306 <step_count>
    1576:	ed ec       	ldi	r30, 0xCD	; 205
    1578:	8e 9f       	mul	r24, r30
    157a:	e1 2d       	mov	r30, r1
    157c:	11 24       	eor	r1, r1
    157e:	e6 95       	lsr	r30
    1580:	e6 95       	lsr	r30
    1582:	e6 95       	lsr	r30
		PORTA = (left_digit == 0) ? 0 : seven_seg[left_digit];  // Blank or 0 for single digits
    1584:	29 f0       	breq	.+10     	; 0x1590 <display_step_count+0x50>
    1586:	f0 e0       	ldi	r31, 0x00	; 0
    1588:	e8 5e       	subi	r30, 0xE8	; 232
    158a:	fe 4f       	sbci	r31, 0xFE	; 254
    158c:	80 81       	ld	r24, Z
    158e:	01 c0       	rjmp	.+2      	; 0x1592 <display_step_count+0x52>
    1590:	80 e0       	ldi	r24, 0x00	; 0
    1592:	82 b9       	out	0x02, r24	; 2
	}
	// Output the digit selection bit
	PORTC = seven_seg_cc;
    1594:	80 91 05 03 	lds	r24, 0x0305	; 0x800305 <seven_seg_cc>
    1598:	88 b9       	out	0x08, r24	; 8
    159a:	08 95       	ret

0000159c <__vector_11>:
}

// Interrupt Service Routine (ISR) to switch between digits
ISR(TIMER2_OVF_vect) {
    159c:	1f 92       	push	r1
    159e:	0f 92       	push	r0
    15a0:	0f b6       	in	r0, 0x3f	; 63
    15a2:	0f 92       	push	r0
    15a4:	11 24       	eor	r1, r1
    15a6:	2f 93       	push	r18
    15a8:	3f 93       	push	r19
    15aa:	4f 93       	push	r20
    15ac:	5f 93       	push	r21
    15ae:	6f 93       	push	r22
    15b0:	7f 93       	push	r23
    15b2:	8f 93       	push	r24
    15b4:	9f 93       	push	r25
    15b6:	af 93       	push	r26
    15b8:	bf 93       	push	r27
    15ba:	ef 93       	push	r30
    15bc:	ff 93       	push	r31
	seven_seg_cc = 1 ^ seven_seg_cc;  // Toggle between 0 and 1
    15be:	90 91 05 03 	lds	r25, 0x0305	; 0x800305 <seven_seg_cc>
    15c2:	81 e0       	ldi	r24, 0x01	; 1
    15c4:	89 27       	eor	r24, r25
    15c6:	80 93 05 03 	sts	0x0305, r24	; 0x800305 <seven_seg_cc>
	display_step_count();             // Update the display
    15ca:	0e 94 a0 0a 	call	0x1540	; 0x1540 <display_step_count>
    15ce:	ff 91       	pop	r31
    15d0:	ef 91       	pop	r30
    15d2:	bf 91       	pop	r27
    15d4:	af 91       	pop	r26
    15d6:	9f 91       	pop	r25
    15d8:	8f 91       	pop	r24
    15da:	7f 91       	pop	r23
    15dc:	6f 91       	pop	r22
    15de:	5f 91       	pop	r21
    15e0:	4f 91       	pop	r20
    15e2:	3f 91       	pop	r19
    15e4:	2f 91       	pop	r18
    15e6:	0f 90       	pop	r0
    15e8:	0f be       	out	0x3f, r0	; 63
    15ea:	0f 90       	pop	r0
    15ec:	1f 90       	pop	r1
    15ee:	18 95       	reti

000015f0 <__divmodhi4>:
    15f0:	97 fb       	bst	r25, 7
    15f2:	07 2e       	mov	r0, r23
    15f4:	16 f4       	brtc	.+4      	; 0x15fa <__divmodhi4+0xa>
    15f6:	00 94       	com	r0
    15f8:	07 d0       	rcall	.+14     	; 0x1608 <__divmodhi4_neg1>
    15fa:	77 fd       	sbrc	r23, 7
    15fc:	09 d0       	rcall	.+18     	; 0x1610 <__divmodhi4_neg2>
    15fe:	0e 94 86 0b 	call	0x170c	; 0x170c <__udivmodhi4>
    1602:	07 fc       	sbrc	r0, 7
    1604:	05 d0       	rcall	.+10     	; 0x1610 <__divmodhi4_neg2>
    1606:	3e f4       	brtc	.+14     	; 0x1616 <__divmodhi4_exit>

00001608 <__divmodhi4_neg1>:
    1608:	90 95       	com	r25
    160a:	81 95       	neg	r24
    160c:	9f 4f       	sbci	r25, 0xFF	; 255
    160e:	08 95       	ret

00001610 <__divmodhi4_neg2>:
    1610:	70 95       	com	r23
    1612:	61 95       	neg	r22
    1614:	7f 4f       	sbci	r23, 0xFF	; 255

00001616 <__divmodhi4_exit>:
    1616:	08 95       	ret

00001618 <__udivmodsi4>:
    1618:	a1 e2       	ldi	r26, 0x21	; 33
    161a:	1a 2e       	mov	r1, r26
    161c:	aa 1b       	sub	r26, r26
    161e:	bb 1b       	sub	r27, r27
    1620:	fd 01       	movw	r30, r26
    1622:	0d c0       	rjmp	.+26     	; 0x163e <__udivmodsi4_ep>

00001624 <__udivmodsi4_loop>:
    1624:	aa 1f       	adc	r26, r26
    1626:	bb 1f       	adc	r27, r27
    1628:	ee 1f       	adc	r30, r30
    162a:	ff 1f       	adc	r31, r31
    162c:	a2 17       	cp	r26, r18
    162e:	b3 07       	cpc	r27, r19
    1630:	e4 07       	cpc	r30, r20
    1632:	f5 07       	cpc	r31, r21
    1634:	20 f0       	brcs	.+8      	; 0x163e <__udivmodsi4_ep>
    1636:	a2 1b       	sub	r26, r18
    1638:	b3 0b       	sbc	r27, r19
    163a:	e4 0b       	sbc	r30, r20
    163c:	f5 0b       	sbc	r31, r21

0000163e <__udivmodsi4_ep>:
    163e:	66 1f       	adc	r22, r22
    1640:	77 1f       	adc	r23, r23
    1642:	88 1f       	adc	r24, r24
    1644:	99 1f       	adc	r25, r25
    1646:	1a 94       	dec	r1
    1648:	69 f7       	brne	.-38     	; 0x1624 <__udivmodsi4_loop>
    164a:	60 95       	com	r22
    164c:	70 95       	com	r23
    164e:	80 95       	com	r24
    1650:	90 95       	com	r25
    1652:	9b 01       	movw	r18, r22
    1654:	ac 01       	movw	r20, r24
    1656:	bd 01       	movw	r22, r26
    1658:	cf 01       	movw	r24, r30
    165a:	08 95       	ret

0000165c <__divmodsi4>:
    165c:	05 2e       	mov	r0, r21
    165e:	97 fb       	bst	r25, 7
    1660:	1e f4       	brtc	.+6      	; 0x1668 <__divmodsi4+0xc>
    1662:	00 94       	com	r0
    1664:	0e 94 45 0b 	call	0x168a	; 0x168a <__negsi2>
    1668:	57 fd       	sbrc	r21, 7
    166a:	07 d0       	rcall	.+14     	; 0x167a <__divmodsi4_neg2>
    166c:	0e 94 0c 0b 	call	0x1618	; 0x1618 <__udivmodsi4>
    1670:	07 fc       	sbrc	r0, 7
    1672:	03 d0       	rcall	.+6      	; 0x167a <__divmodsi4_neg2>
    1674:	4e f4       	brtc	.+18     	; 0x1688 <__divmodsi4_exit>
    1676:	0c 94 45 0b 	jmp	0x168a	; 0x168a <__negsi2>

0000167a <__divmodsi4_neg2>:
    167a:	50 95       	com	r21
    167c:	40 95       	com	r20
    167e:	30 95       	com	r19
    1680:	21 95       	neg	r18
    1682:	3f 4f       	sbci	r19, 0xFF	; 255
    1684:	4f 4f       	sbci	r20, 0xFF	; 255
    1686:	5f 4f       	sbci	r21, 0xFF	; 255

00001688 <__divmodsi4_exit>:
    1688:	08 95       	ret

0000168a <__negsi2>:
    168a:	90 95       	com	r25
    168c:	80 95       	com	r24
    168e:	70 95       	com	r23
    1690:	61 95       	neg	r22
    1692:	7f 4f       	sbci	r23, 0xFF	; 255
    1694:	8f 4f       	sbci	r24, 0xFF	; 255
    1696:	9f 4f       	sbci	r25, 0xFF	; 255
    1698:	08 95       	ret

0000169a <__umulhisi3>:
    169a:	a2 9f       	mul	r26, r18
    169c:	b0 01       	movw	r22, r0
    169e:	b3 9f       	mul	r27, r19
    16a0:	c0 01       	movw	r24, r0
    16a2:	a3 9f       	mul	r26, r19
    16a4:	70 0d       	add	r23, r0
    16a6:	81 1d       	adc	r24, r1
    16a8:	11 24       	eor	r1, r1
    16aa:	91 1d       	adc	r25, r1
    16ac:	b2 9f       	mul	r27, r18
    16ae:	70 0d       	add	r23, r0
    16b0:	81 1d       	adc	r24, r1
    16b2:	11 24       	eor	r1, r1
    16b4:	91 1d       	adc	r25, r1
    16b6:	08 95       	ret

000016b8 <__ashrdi3>:
    16b8:	97 fb       	bst	r25, 7
    16ba:	10 f8       	bld	r1, 0

000016bc <__lshrdi3>:
    16bc:	16 94       	lsr	r1
    16be:	00 08       	sbc	r0, r0
    16c0:	0f 93       	push	r16
    16c2:	08 30       	cpi	r16, 0x08	; 8
    16c4:	98 f0       	brcs	.+38     	; 0x16ec <__lshrdi3+0x30>
    16c6:	08 50       	subi	r16, 0x08	; 8
    16c8:	23 2f       	mov	r18, r19
    16ca:	34 2f       	mov	r19, r20
    16cc:	45 2f       	mov	r20, r21
    16ce:	56 2f       	mov	r21, r22
    16d0:	67 2f       	mov	r22, r23
    16d2:	78 2f       	mov	r23, r24
    16d4:	89 2f       	mov	r24, r25
    16d6:	90 2d       	mov	r25, r0
    16d8:	f4 cf       	rjmp	.-24     	; 0x16c2 <__lshrdi3+0x6>
    16da:	05 94       	asr	r0
    16dc:	97 95       	ror	r25
    16de:	87 95       	ror	r24
    16e0:	77 95       	ror	r23
    16e2:	67 95       	ror	r22
    16e4:	57 95       	ror	r21
    16e6:	47 95       	ror	r20
    16e8:	37 95       	ror	r19
    16ea:	27 95       	ror	r18
    16ec:	0a 95       	dec	r16
    16ee:	aa f7       	brpl	.-22     	; 0x16da <__lshrdi3+0x1e>
    16f0:	0f 91       	pop	r16
    16f2:	08 95       	ret

000016f4 <__cmpdi2_s8>:
    16f4:	00 24       	eor	r0, r0
    16f6:	a7 fd       	sbrc	r26, 7
    16f8:	00 94       	com	r0
    16fa:	2a 17       	cp	r18, r26
    16fc:	30 05       	cpc	r19, r0
    16fe:	40 05       	cpc	r20, r0
    1700:	50 05       	cpc	r21, r0
    1702:	60 05       	cpc	r22, r0
    1704:	70 05       	cpc	r23, r0
    1706:	80 05       	cpc	r24, r0
    1708:	90 05       	cpc	r25, r0
    170a:	08 95       	ret

0000170c <__udivmodhi4>:
    170c:	aa 1b       	sub	r26, r26
    170e:	bb 1b       	sub	r27, r27
    1710:	51 e1       	ldi	r21, 0x11	; 17
    1712:	07 c0       	rjmp	.+14     	; 0x1722 <__udivmodhi4_ep>

00001714 <__udivmodhi4_loop>:
    1714:	aa 1f       	adc	r26, r26
    1716:	bb 1f       	adc	r27, r27
    1718:	a6 17       	cp	r26, r22
    171a:	b7 07       	cpc	r27, r23
    171c:	10 f0       	brcs	.+4      	; 0x1722 <__udivmodhi4_ep>
    171e:	a6 1b       	sub	r26, r22
    1720:	b7 0b       	sbc	r27, r23

00001722 <__udivmodhi4_ep>:
    1722:	88 1f       	adc	r24, r24
    1724:	99 1f       	adc	r25, r25
    1726:	5a 95       	dec	r21
    1728:	a9 f7       	brne	.-22     	; 0x1714 <__udivmodhi4_loop>
    172a:	80 95       	com	r24
    172c:	90 95       	com	r25
    172e:	bc 01       	movw	r22, r24
    1730:	cd 01       	movw	r24, r26
    1732:	08 95       	ret

00001734 <do_rand>:
    1734:	8f 92       	push	r8
    1736:	9f 92       	push	r9
    1738:	af 92       	push	r10
    173a:	bf 92       	push	r11
    173c:	cf 92       	push	r12
    173e:	df 92       	push	r13
    1740:	ef 92       	push	r14
    1742:	ff 92       	push	r15
    1744:	cf 93       	push	r28
    1746:	df 93       	push	r29
    1748:	ec 01       	movw	r28, r24
    174a:	68 81       	ld	r22, Y
    174c:	79 81       	ldd	r23, Y+1	; 0x01
    174e:	8a 81       	ldd	r24, Y+2	; 0x02
    1750:	9b 81       	ldd	r25, Y+3	; 0x03
    1752:	61 15       	cp	r22, r1
    1754:	71 05       	cpc	r23, r1
    1756:	81 05       	cpc	r24, r1
    1758:	91 05       	cpc	r25, r1
    175a:	21 f4       	brne	.+8      	; 0x1764 <do_rand+0x30>
    175c:	64 e2       	ldi	r22, 0x24	; 36
    175e:	79 ed       	ldi	r23, 0xD9	; 217
    1760:	8b e5       	ldi	r24, 0x5B	; 91
    1762:	97 e0       	ldi	r25, 0x07	; 7
    1764:	2d e1       	ldi	r18, 0x1D	; 29
    1766:	33 ef       	ldi	r19, 0xF3	; 243
    1768:	41 e0       	ldi	r20, 0x01	; 1
    176a:	50 e0       	ldi	r21, 0x00	; 0
    176c:	0e 94 2e 0b 	call	0x165c	; 0x165c <__divmodsi4>
    1770:	49 01       	movw	r8, r18
    1772:	5a 01       	movw	r10, r20
    1774:	9b 01       	movw	r18, r22
    1776:	ac 01       	movw	r20, r24
    1778:	a7 ea       	ldi	r26, 0xA7	; 167
    177a:	b1 e4       	ldi	r27, 0x41	; 65
    177c:	0e 94 33 0f 	call	0x1e66	; 0x1e66 <__muluhisi3>
    1780:	6b 01       	movw	r12, r22
    1782:	7c 01       	movw	r14, r24
    1784:	ac ee       	ldi	r26, 0xEC	; 236
    1786:	b4 ef       	ldi	r27, 0xF4	; 244
    1788:	a5 01       	movw	r20, r10
    178a:	94 01       	movw	r18, r8
    178c:	0e 94 41 0f 	call	0x1e82	; 0x1e82 <__mulohisi3>
    1790:	dc 01       	movw	r26, r24
    1792:	cb 01       	movw	r24, r22
    1794:	8c 0d       	add	r24, r12
    1796:	9d 1d       	adc	r25, r13
    1798:	ae 1d       	adc	r26, r14
    179a:	bf 1d       	adc	r27, r15
    179c:	b7 ff       	sbrs	r27, 7
    179e:	03 c0       	rjmp	.+6      	; 0x17a6 <do_rand+0x72>
    17a0:	01 97       	sbiw	r24, 0x01	; 1
    17a2:	a1 09       	sbc	r26, r1
    17a4:	b0 48       	sbci	r27, 0x80	; 128
    17a6:	88 83       	st	Y, r24
    17a8:	99 83       	std	Y+1, r25	; 0x01
    17aa:	aa 83       	std	Y+2, r26	; 0x02
    17ac:	bb 83       	std	Y+3, r27	; 0x03
    17ae:	9f 77       	andi	r25, 0x7F	; 127
    17b0:	df 91       	pop	r29
    17b2:	cf 91       	pop	r28
    17b4:	ff 90       	pop	r15
    17b6:	ef 90       	pop	r14
    17b8:	df 90       	pop	r13
    17ba:	cf 90       	pop	r12
    17bc:	bf 90       	pop	r11
    17be:	af 90       	pop	r10
    17c0:	9f 90       	pop	r9
    17c2:	8f 90       	pop	r8
    17c4:	08 95       	ret

000017c6 <rand_r>:
    17c6:	0e 94 9a 0b 	call	0x1734	; 0x1734 <do_rand>
    17ca:	08 95       	ret

000017cc <rand>:
    17cc:	80 e0       	ldi	r24, 0x00	; 0
    17ce:	91 e0       	ldi	r25, 0x01	; 1
    17d0:	0e 94 9a 0b 	call	0x1734	; 0x1734 <do_rand>
    17d4:	08 95       	ret

000017d6 <srand>:
    17d6:	a0 e0       	ldi	r26, 0x00	; 0
    17d8:	b0 e0       	ldi	r27, 0x00	; 0
    17da:	80 93 00 01 	sts	0x0100, r24	; 0x800100 <__DATA_REGION_ORIGIN__>
    17de:	90 93 01 01 	sts	0x0101, r25	; 0x800101 <__DATA_REGION_ORIGIN__+0x1>
    17e2:	a0 93 02 01 	sts	0x0102, r26	; 0x800102 <__DATA_REGION_ORIGIN__+0x2>
    17e6:	b0 93 03 01 	sts	0x0103, r27	; 0x800103 <__DATA_REGION_ORIGIN__+0x3>
    17ea:	08 95       	ret

000017ec <toupper>:
    17ec:	91 11       	cpse	r25, r1
    17ee:	08 95       	ret
    17f0:	81 56       	subi	r24, 0x61	; 97
    17f2:	8a 51       	subi	r24, 0x1A	; 26
    17f4:	08 f4       	brcc	.+2      	; 0x17f8 <toupper+0xc>
    17f6:	80 52       	subi	r24, 0x20	; 32
    17f8:	85 58       	subi	r24, 0x85	; 133
    17fa:	08 95       	ret

000017fc <memcpy_P>:
    17fc:	fb 01       	movw	r30, r22
    17fe:	dc 01       	movw	r26, r24
    1800:	02 c0       	rjmp	.+4      	; 0x1806 <memcpy_P+0xa>
    1802:	05 90       	lpm	r0, Z+
    1804:	0d 92       	st	X+, r0
    1806:	41 50       	subi	r20, 0x01	; 1
    1808:	50 40       	sbci	r21, 0x00	; 0
    180a:	d8 f7       	brcc	.-10     	; 0x1802 <memcpy_P+0x6>
    180c:	08 95       	ret

0000180e <fgetc>:
    180e:	cf 93       	push	r28
    1810:	df 93       	push	r29
    1812:	ec 01       	movw	r28, r24
    1814:	2b 81       	ldd	r18, Y+3	; 0x03
    1816:	20 ff       	sbrs	r18, 0
    1818:	33 c0       	rjmp	.+102    	; 0x1880 <fgetc+0x72>
    181a:	26 ff       	sbrs	r18, 6
    181c:	0a c0       	rjmp	.+20     	; 0x1832 <fgetc+0x24>
    181e:	2f 7b       	andi	r18, 0xBF	; 191
    1820:	2b 83       	std	Y+3, r18	; 0x03
    1822:	8e 81       	ldd	r24, Y+6	; 0x06
    1824:	9f 81       	ldd	r25, Y+7	; 0x07
    1826:	01 96       	adiw	r24, 0x01	; 1
    1828:	9f 83       	std	Y+7, r25	; 0x07
    182a:	8e 83       	std	Y+6, r24	; 0x06
    182c:	8a 81       	ldd	r24, Y+2	; 0x02
    182e:	90 e0       	ldi	r25, 0x00	; 0
    1830:	29 c0       	rjmp	.+82     	; 0x1884 <fgetc+0x76>
    1832:	22 ff       	sbrs	r18, 2
    1834:	0f c0       	rjmp	.+30     	; 0x1854 <fgetc+0x46>
    1836:	e8 81       	ld	r30, Y
    1838:	f9 81       	ldd	r31, Y+1	; 0x01
    183a:	80 81       	ld	r24, Z
    183c:	08 2e       	mov	r0, r24
    183e:	00 0c       	add	r0, r0
    1840:	99 0b       	sbc	r25, r25
    1842:	00 97       	sbiw	r24, 0x00	; 0
    1844:	19 f4       	brne	.+6      	; 0x184c <fgetc+0x3e>
    1846:	20 62       	ori	r18, 0x20	; 32
    1848:	2b 83       	std	Y+3, r18	; 0x03
    184a:	1a c0       	rjmp	.+52     	; 0x1880 <fgetc+0x72>
    184c:	31 96       	adiw	r30, 0x01	; 1
    184e:	f9 83       	std	Y+1, r31	; 0x01
    1850:	e8 83       	st	Y, r30
    1852:	0e c0       	rjmp	.+28     	; 0x1870 <fgetc+0x62>
    1854:	ea 85       	ldd	r30, Y+10	; 0x0a
    1856:	fb 85       	ldd	r31, Y+11	; 0x0b
    1858:	09 95       	icall
    185a:	97 ff       	sbrs	r25, 7
    185c:	09 c0       	rjmp	.+18     	; 0x1870 <fgetc+0x62>
    185e:	2b 81       	ldd	r18, Y+3	; 0x03
    1860:	01 96       	adiw	r24, 0x01	; 1
    1862:	11 f0       	breq	.+4      	; 0x1868 <fgetc+0x5a>
    1864:	80 e2       	ldi	r24, 0x20	; 32
    1866:	01 c0       	rjmp	.+2      	; 0x186a <fgetc+0x5c>
    1868:	80 e1       	ldi	r24, 0x10	; 16
    186a:	82 2b       	or	r24, r18
    186c:	8b 83       	std	Y+3, r24	; 0x03
    186e:	08 c0       	rjmp	.+16     	; 0x1880 <fgetc+0x72>
    1870:	2e 81       	ldd	r18, Y+6	; 0x06
    1872:	3f 81       	ldd	r19, Y+7	; 0x07
    1874:	2f 5f       	subi	r18, 0xFF	; 255
    1876:	3f 4f       	sbci	r19, 0xFF	; 255
    1878:	3f 83       	std	Y+7, r19	; 0x07
    187a:	2e 83       	std	Y+6, r18	; 0x06
    187c:	99 27       	eor	r25, r25
    187e:	02 c0       	rjmp	.+4      	; 0x1884 <fgetc+0x76>
    1880:	8f ef       	ldi	r24, 0xFF	; 255
    1882:	9f ef       	ldi	r25, 0xFF	; 255
    1884:	df 91       	pop	r29
    1886:	cf 91       	pop	r28
    1888:	08 95       	ret

0000188a <fputc>:
    188a:	0f 93       	push	r16
    188c:	1f 93       	push	r17
    188e:	cf 93       	push	r28
    1890:	df 93       	push	r29
    1892:	fb 01       	movw	r30, r22
    1894:	23 81       	ldd	r18, Z+3	; 0x03
    1896:	21 fd       	sbrc	r18, 1
    1898:	03 c0       	rjmp	.+6      	; 0x18a0 <fputc+0x16>
    189a:	8f ef       	ldi	r24, 0xFF	; 255
    189c:	9f ef       	ldi	r25, 0xFF	; 255
    189e:	2c c0       	rjmp	.+88     	; 0x18f8 <fputc+0x6e>
    18a0:	22 ff       	sbrs	r18, 2
    18a2:	16 c0       	rjmp	.+44     	; 0x18d0 <fputc+0x46>
    18a4:	46 81       	ldd	r20, Z+6	; 0x06
    18a6:	57 81       	ldd	r21, Z+7	; 0x07
    18a8:	24 81       	ldd	r18, Z+4	; 0x04
    18aa:	35 81       	ldd	r19, Z+5	; 0x05
    18ac:	42 17       	cp	r20, r18
    18ae:	53 07       	cpc	r21, r19
    18b0:	44 f4       	brge	.+16     	; 0x18c2 <fputc+0x38>
    18b2:	a0 81       	ld	r26, Z
    18b4:	b1 81       	ldd	r27, Z+1	; 0x01
    18b6:	9d 01       	movw	r18, r26
    18b8:	2f 5f       	subi	r18, 0xFF	; 255
    18ba:	3f 4f       	sbci	r19, 0xFF	; 255
    18bc:	31 83       	std	Z+1, r19	; 0x01
    18be:	20 83       	st	Z, r18
    18c0:	8c 93       	st	X, r24
    18c2:	26 81       	ldd	r18, Z+6	; 0x06
    18c4:	37 81       	ldd	r19, Z+7	; 0x07
    18c6:	2f 5f       	subi	r18, 0xFF	; 255
    18c8:	3f 4f       	sbci	r19, 0xFF	; 255
    18ca:	37 83       	std	Z+7, r19	; 0x07
    18cc:	26 83       	std	Z+6, r18	; 0x06
    18ce:	14 c0       	rjmp	.+40     	; 0x18f8 <fputc+0x6e>
    18d0:	8b 01       	movw	r16, r22
    18d2:	ec 01       	movw	r28, r24
    18d4:	fb 01       	movw	r30, r22
    18d6:	00 84       	ldd	r0, Z+8	; 0x08
    18d8:	f1 85       	ldd	r31, Z+9	; 0x09
    18da:	e0 2d       	mov	r30, r0
    18dc:	09 95       	icall
    18de:	89 2b       	or	r24, r25
    18e0:	e1 f6       	brne	.-72     	; 0x189a <fputc+0x10>
    18e2:	d8 01       	movw	r26, r16
    18e4:	16 96       	adiw	r26, 0x06	; 6
    18e6:	8d 91       	ld	r24, X+
    18e8:	9c 91       	ld	r25, X
    18ea:	17 97       	sbiw	r26, 0x07	; 7
    18ec:	01 96       	adiw	r24, 0x01	; 1
    18ee:	17 96       	adiw	r26, 0x07	; 7
    18f0:	9c 93       	st	X, r25
    18f2:	8e 93       	st	-X, r24
    18f4:	16 97       	sbiw	r26, 0x06	; 6
    18f6:	ce 01       	movw	r24, r28
    18f8:	df 91       	pop	r29
    18fa:	cf 91       	pop	r28
    18fc:	1f 91       	pop	r17
    18fe:	0f 91       	pop	r16
    1900:	08 95       	ret

00001902 <printf_P>:
    1902:	a0 e0       	ldi	r26, 0x00	; 0
    1904:	b0 e0       	ldi	r27, 0x00	; 0
    1906:	e7 e8       	ldi	r30, 0x87	; 135
    1908:	fc e0       	ldi	r31, 0x0C	; 12
    190a:	0c 94 54 0f 	jmp	0x1ea8	; 0x1ea8 <__prologue_saves__+0x1c>
    190e:	ae 01       	movw	r20, r28
    1910:	49 5f       	subi	r20, 0xF9	; 249
    1912:	5f 4f       	sbci	r21, 0xFF	; 255
    1914:	da 01       	movw	r26, r20
    1916:	6d 91       	ld	r22, X+
    1918:	7d 91       	ld	r23, X+
    191a:	ad 01       	movw	r20, r26
    191c:	0b e1       	ldi	r16, 0x1B	; 27
    191e:	14 e0       	ldi	r17, 0x04	; 4
    1920:	f8 01       	movw	r30, r16
    1922:	82 81       	ldd	r24, Z+2	; 0x02
    1924:	93 81       	ldd	r25, Z+3	; 0x03
    1926:	dc 01       	movw	r26, r24
    1928:	13 96       	adiw	r26, 0x03	; 3
    192a:	2c 91       	ld	r18, X
    192c:	13 97       	sbiw	r26, 0x03	; 3
    192e:	28 60       	ori	r18, 0x08	; 8
    1930:	13 96       	adiw	r26, 0x03	; 3
    1932:	2c 93       	st	X, r18
    1934:	0e 94 de 0c 	call	0x19bc	; 0x19bc <vfprintf>
    1938:	d8 01       	movw	r26, r16
    193a:	12 96       	adiw	r26, 0x02	; 2
    193c:	ed 91       	ld	r30, X+
    193e:	fc 91       	ld	r31, X
    1940:	13 97       	sbiw	r26, 0x03	; 3
    1942:	23 81       	ldd	r18, Z+3	; 0x03
    1944:	27 7f       	andi	r18, 0xF7	; 247
    1946:	23 83       	std	Z+3, r18	; 0x03
    1948:	e4 e0       	ldi	r30, 0x04	; 4
    194a:	0c 94 70 0f 	jmp	0x1ee0	; 0x1ee0 <__epilogue_restores__+0x1c>

0000194e <putchar>:
    194e:	60 91 1d 04 	lds	r22, 0x041D	; 0x80041d <__iob+0x2>
    1952:	70 91 1e 04 	lds	r23, 0x041E	; 0x80041e <__iob+0x3>
    1956:	0e 94 45 0c 	call	0x188a	; 0x188a <fputc>
    195a:	08 95       	ret

0000195c <puts>:
    195c:	0f 93       	push	r16
    195e:	1f 93       	push	r17
    1960:	cf 93       	push	r28
    1962:	df 93       	push	r29
    1964:	e0 91 1d 04 	lds	r30, 0x041D	; 0x80041d <__iob+0x2>
    1968:	f0 91 1e 04 	lds	r31, 0x041E	; 0x80041e <__iob+0x3>
    196c:	23 81       	ldd	r18, Z+3	; 0x03
    196e:	21 ff       	sbrs	r18, 1
    1970:	1b c0       	rjmp	.+54     	; 0x19a8 <puts+0x4c>
    1972:	8c 01       	movw	r16, r24
    1974:	d0 e0       	ldi	r29, 0x00	; 0
    1976:	c0 e0       	ldi	r28, 0x00	; 0
    1978:	f8 01       	movw	r30, r16
    197a:	81 91       	ld	r24, Z+
    197c:	8f 01       	movw	r16, r30
    197e:	60 91 1d 04 	lds	r22, 0x041D	; 0x80041d <__iob+0x2>
    1982:	70 91 1e 04 	lds	r23, 0x041E	; 0x80041e <__iob+0x3>
    1986:	db 01       	movw	r26, r22
    1988:	18 96       	adiw	r26, 0x08	; 8
    198a:	ed 91       	ld	r30, X+
    198c:	fc 91       	ld	r31, X
    198e:	19 97       	sbiw	r26, 0x09	; 9
    1990:	88 23       	and	r24, r24
    1992:	31 f0       	breq	.+12     	; 0x19a0 <puts+0x44>
    1994:	09 95       	icall
    1996:	89 2b       	or	r24, r25
    1998:	79 f3       	breq	.-34     	; 0x1978 <puts+0x1c>
    199a:	df ef       	ldi	r29, 0xFF	; 255
    199c:	cf ef       	ldi	r28, 0xFF	; 255
    199e:	ec cf       	rjmp	.-40     	; 0x1978 <puts+0x1c>
    19a0:	8a e0       	ldi	r24, 0x0A	; 10
    19a2:	09 95       	icall
    19a4:	89 2b       	or	r24, r25
    19a6:	19 f0       	breq	.+6      	; 0x19ae <puts+0x52>
    19a8:	8f ef       	ldi	r24, 0xFF	; 255
    19aa:	9f ef       	ldi	r25, 0xFF	; 255
    19ac:	02 c0       	rjmp	.+4      	; 0x19b2 <puts+0x56>
    19ae:	8d 2f       	mov	r24, r29
    19b0:	9c 2f       	mov	r25, r28
    19b2:	df 91       	pop	r29
    19b4:	cf 91       	pop	r28
    19b6:	1f 91       	pop	r17
    19b8:	0f 91       	pop	r16
    19ba:	08 95       	ret

000019bc <vfprintf>:
    19bc:	ab e0       	ldi	r26, 0x0B	; 11
    19be:	b0 e0       	ldi	r27, 0x00	; 0
    19c0:	e4 ee       	ldi	r30, 0xE4	; 228
    19c2:	fc e0       	ldi	r31, 0x0C	; 12
    19c4:	0c 94 46 0f 	jmp	0x1e8c	; 0x1e8c <__prologue_saves__>
    19c8:	6c 01       	movw	r12, r24
    19ca:	7b 01       	movw	r14, r22
    19cc:	8a 01       	movw	r16, r20
    19ce:	fc 01       	movw	r30, r24
    19d0:	17 82       	std	Z+7, r1	; 0x07
    19d2:	16 82       	std	Z+6, r1	; 0x06
    19d4:	83 81       	ldd	r24, Z+3	; 0x03
    19d6:	81 ff       	sbrs	r24, 1
    19d8:	cc c1       	rjmp	.+920    	; 0x1d72 <vfprintf+0x3b6>
    19da:	ce 01       	movw	r24, r28
    19dc:	01 96       	adiw	r24, 0x01	; 1
    19de:	3c 01       	movw	r6, r24
    19e0:	f6 01       	movw	r30, r12
    19e2:	93 81       	ldd	r25, Z+3	; 0x03
    19e4:	f7 01       	movw	r30, r14
    19e6:	93 fd       	sbrc	r25, 3
    19e8:	85 91       	lpm	r24, Z+
    19ea:	93 ff       	sbrs	r25, 3
    19ec:	81 91       	ld	r24, Z+
    19ee:	7f 01       	movw	r14, r30
    19f0:	88 23       	and	r24, r24
    19f2:	09 f4       	brne	.+2      	; 0x19f6 <vfprintf+0x3a>
    19f4:	ba c1       	rjmp	.+884    	; 0x1d6a <vfprintf+0x3ae>
    19f6:	85 32       	cpi	r24, 0x25	; 37
    19f8:	39 f4       	brne	.+14     	; 0x1a08 <vfprintf+0x4c>
    19fa:	93 fd       	sbrc	r25, 3
    19fc:	85 91       	lpm	r24, Z+
    19fe:	93 ff       	sbrs	r25, 3
    1a00:	81 91       	ld	r24, Z+
    1a02:	7f 01       	movw	r14, r30
    1a04:	85 32       	cpi	r24, 0x25	; 37
    1a06:	29 f4       	brne	.+10     	; 0x1a12 <vfprintf+0x56>
    1a08:	b6 01       	movw	r22, r12
    1a0a:	90 e0       	ldi	r25, 0x00	; 0
    1a0c:	0e 94 45 0c 	call	0x188a	; 0x188a <fputc>
    1a10:	e7 cf       	rjmp	.-50     	; 0x19e0 <vfprintf+0x24>
    1a12:	91 2c       	mov	r9, r1
    1a14:	21 2c       	mov	r2, r1
    1a16:	31 2c       	mov	r3, r1
    1a18:	ff e1       	ldi	r31, 0x1F	; 31
    1a1a:	f3 15       	cp	r31, r3
    1a1c:	d8 f0       	brcs	.+54     	; 0x1a54 <vfprintf+0x98>
    1a1e:	8b 32       	cpi	r24, 0x2B	; 43
    1a20:	79 f0       	breq	.+30     	; 0x1a40 <vfprintf+0x84>
    1a22:	38 f4       	brcc	.+14     	; 0x1a32 <vfprintf+0x76>
    1a24:	80 32       	cpi	r24, 0x20	; 32
    1a26:	79 f0       	breq	.+30     	; 0x1a46 <vfprintf+0x8a>
    1a28:	83 32       	cpi	r24, 0x23	; 35
    1a2a:	a1 f4       	brne	.+40     	; 0x1a54 <vfprintf+0x98>
    1a2c:	23 2d       	mov	r18, r3
    1a2e:	20 61       	ori	r18, 0x10	; 16
    1a30:	1d c0       	rjmp	.+58     	; 0x1a6c <vfprintf+0xb0>
    1a32:	8d 32       	cpi	r24, 0x2D	; 45
    1a34:	61 f0       	breq	.+24     	; 0x1a4e <vfprintf+0x92>
    1a36:	80 33       	cpi	r24, 0x30	; 48
    1a38:	69 f4       	brne	.+26     	; 0x1a54 <vfprintf+0x98>
    1a3a:	23 2d       	mov	r18, r3
    1a3c:	21 60       	ori	r18, 0x01	; 1
    1a3e:	16 c0       	rjmp	.+44     	; 0x1a6c <vfprintf+0xb0>
    1a40:	83 2d       	mov	r24, r3
    1a42:	82 60       	ori	r24, 0x02	; 2
    1a44:	38 2e       	mov	r3, r24
    1a46:	e3 2d       	mov	r30, r3
    1a48:	e4 60       	ori	r30, 0x04	; 4
    1a4a:	3e 2e       	mov	r3, r30
    1a4c:	2a c0       	rjmp	.+84     	; 0x1aa2 <vfprintf+0xe6>
    1a4e:	f3 2d       	mov	r31, r3
    1a50:	f8 60       	ori	r31, 0x08	; 8
    1a52:	1d c0       	rjmp	.+58     	; 0x1a8e <vfprintf+0xd2>
    1a54:	37 fc       	sbrc	r3, 7
    1a56:	2d c0       	rjmp	.+90     	; 0x1ab2 <vfprintf+0xf6>
    1a58:	20 ed       	ldi	r18, 0xD0	; 208
    1a5a:	28 0f       	add	r18, r24
    1a5c:	2a 30       	cpi	r18, 0x0A	; 10
    1a5e:	40 f0       	brcs	.+16     	; 0x1a70 <vfprintf+0xb4>
    1a60:	8e 32       	cpi	r24, 0x2E	; 46
    1a62:	b9 f4       	brne	.+46     	; 0x1a92 <vfprintf+0xd6>
    1a64:	36 fc       	sbrc	r3, 6
    1a66:	81 c1       	rjmp	.+770    	; 0x1d6a <vfprintf+0x3ae>
    1a68:	23 2d       	mov	r18, r3
    1a6a:	20 64       	ori	r18, 0x40	; 64
    1a6c:	32 2e       	mov	r3, r18
    1a6e:	19 c0       	rjmp	.+50     	; 0x1aa2 <vfprintf+0xe6>
    1a70:	36 fe       	sbrs	r3, 6
    1a72:	06 c0       	rjmp	.+12     	; 0x1a80 <vfprintf+0xc4>
    1a74:	8a e0       	ldi	r24, 0x0A	; 10
    1a76:	98 9e       	mul	r9, r24
    1a78:	20 0d       	add	r18, r0
    1a7a:	11 24       	eor	r1, r1
    1a7c:	92 2e       	mov	r9, r18
    1a7e:	11 c0       	rjmp	.+34     	; 0x1aa2 <vfprintf+0xe6>
    1a80:	ea e0       	ldi	r30, 0x0A	; 10
    1a82:	2e 9e       	mul	r2, r30
    1a84:	20 0d       	add	r18, r0
    1a86:	11 24       	eor	r1, r1
    1a88:	22 2e       	mov	r2, r18
    1a8a:	f3 2d       	mov	r31, r3
    1a8c:	f0 62       	ori	r31, 0x20	; 32
    1a8e:	3f 2e       	mov	r3, r31
    1a90:	08 c0       	rjmp	.+16     	; 0x1aa2 <vfprintf+0xe6>
    1a92:	8c 36       	cpi	r24, 0x6C	; 108
    1a94:	21 f4       	brne	.+8      	; 0x1a9e <vfprintf+0xe2>
    1a96:	83 2d       	mov	r24, r3
    1a98:	80 68       	ori	r24, 0x80	; 128
    1a9a:	38 2e       	mov	r3, r24
    1a9c:	02 c0       	rjmp	.+4      	; 0x1aa2 <vfprintf+0xe6>
    1a9e:	88 36       	cpi	r24, 0x68	; 104
    1aa0:	41 f4       	brne	.+16     	; 0x1ab2 <vfprintf+0xf6>
    1aa2:	f7 01       	movw	r30, r14
    1aa4:	93 fd       	sbrc	r25, 3
    1aa6:	85 91       	lpm	r24, Z+
    1aa8:	93 ff       	sbrs	r25, 3
    1aaa:	81 91       	ld	r24, Z+
    1aac:	7f 01       	movw	r14, r30
    1aae:	81 11       	cpse	r24, r1
    1ab0:	b3 cf       	rjmp	.-154    	; 0x1a18 <vfprintf+0x5c>
    1ab2:	98 2f       	mov	r25, r24
    1ab4:	9f 7d       	andi	r25, 0xDF	; 223
    1ab6:	95 54       	subi	r25, 0x45	; 69
    1ab8:	93 30       	cpi	r25, 0x03	; 3
    1aba:	28 f4       	brcc	.+10     	; 0x1ac6 <vfprintf+0x10a>
    1abc:	0c 5f       	subi	r16, 0xFC	; 252
    1abe:	1f 4f       	sbci	r17, 0xFF	; 255
    1ac0:	9f e3       	ldi	r25, 0x3F	; 63
    1ac2:	99 83       	std	Y+1, r25	; 0x01
    1ac4:	0d c0       	rjmp	.+26     	; 0x1ae0 <vfprintf+0x124>
    1ac6:	83 36       	cpi	r24, 0x63	; 99
    1ac8:	31 f0       	breq	.+12     	; 0x1ad6 <vfprintf+0x11a>
    1aca:	83 37       	cpi	r24, 0x73	; 115
    1acc:	71 f0       	breq	.+28     	; 0x1aea <vfprintf+0x12e>
    1ace:	83 35       	cpi	r24, 0x53	; 83
    1ad0:	09 f0       	breq	.+2      	; 0x1ad4 <vfprintf+0x118>
    1ad2:	59 c0       	rjmp	.+178    	; 0x1b86 <vfprintf+0x1ca>
    1ad4:	21 c0       	rjmp	.+66     	; 0x1b18 <vfprintf+0x15c>
    1ad6:	f8 01       	movw	r30, r16
    1ad8:	80 81       	ld	r24, Z
    1ada:	89 83       	std	Y+1, r24	; 0x01
    1adc:	0e 5f       	subi	r16, 0xFE	; 254
    1ade:	1f 4f       	sbci	r17, 0xFF	; 255
    1ae0:	88 24       	eor	r8, r8
    1ae2:	83 94       	inc	r8
    1ae4:	91 2c       	mov	r9, r1
    1ae6:	53 01       	movw	r10, r6
    1ae8:	13 c0       	rjmp	.+38     	; 0x1b10 <vfprintf+0x154>
    1aea:	28 01       	movw	r4, r16
    1aec:	f2 e0       	ldi	r31, 0x02	; 2
    1aee:	4f 0e       	add	r4, r31
    1af0:	51 1c       	adc	r5, r1
    1af2:	f8 01       	movw	r30, r16
    1af4:	a0 80       	ld	r10, Z
    1af6:	b1 80       	ldd	r11, Z+1	; 0x01
    1af8:	36 fe       	sbrs	r3, 6
    1afa:	03 c0       	rjmp	.+6      	; 0x1b02 <vfprintf+0x146>
    1afc:	69 2d       	mov	r22, r9
    1afe:	70 e0       	ldi	r23, 0x00	; 0
    1b00:	02 c0       	rjmp	.+4      	; 0x1b06 <vfprintf+0x14a>
    1b02:	6f ef       	ldi	r22, 0xFF	; 255
    1b04:	7f ef       	ldi	r23, 0xFF	; 255
    1b06:	c5 01       	movw	r24, r10
    1b08:	0e 94 ca 0e 	call	0x1d94	; 0x1d94 <strnlen>
    1b0c:	4c 01       	movw	r8, r24
    1b0e:	82 01       	movw	r16, r4
    1b10:	f3 2d       	mov	r31, r3
    1b12:	ff 77       	andi	r31, 0x7F	; 127
    1b14:	3f 2e       	mov	r3, r31
    1b16:	16 c0       	rjmp	.+44     	; 0x1b44 <vfprintf+0x188>
    1b18:	28 01       	movw	r4, r16
    1b1a:	22 e0       	ldi	r18, 0x02	; 2
    1b1c:	42 0e       	add	r4, r18
    1b1e:	51 1c       	adc	r5, r1
    1b20:	f8 01       	movw	r30, r16
    1b22:	a0 80       	ld	r10, Z
    1b24:	b1 80       	ldd	r11, Z+1	; 0x01
    1b26:	36 fe       	sbrs	r3, 6
    1b28:	03 c0       	rjmp	.+6      	; 0x1b30 <vfprintf+0x174>
    1b2a:	69 2d       	mov	r22, r9
    1b2c:	70 e0       	ldi	r23, 0x00	; 0
    1b2e:	02 c0       	rjmp	.+4      	; 0x1b34 <vfprintf+0x178>
    1b30:	6f ef       	ldi	r22, 0xFF	; 255
    1b32:	7f ef       	ldi	r23, 0xFF	; 255
    1b34:	c5 01       	movw	r24, r10
    1b36:	0e 94 bf 0e 	call	0x1d7e	; 0x1d7e <strnlen_P>
    1b3a:	4c 01       	movw	r8, r24
    1b3c:	f3 2d       	mov	r31, r3
    1b3e:	f0 68       	ori	r31, 0x80	; 128
    1b40:	3f 2e       	mov	r3, r31
    1b42:	82 01       	movw	r16, r4
    1b44:	33 fc       	sbrc	r3, 3
    1b46:	1b c0       	rjmp	.+54     	; 0x1b7e <vfprintf+0x1c2>
    1b48:	82 2d       	mov	r24, r2
    1b4a:	90 e0       	ldi	r25, 0x00	; 0
    1b4c:	88 16       	cp	r8, r24
    1b4e:	99 06       	cpc	r9, r25
    1b50:	b0 f4       	brcc	.+44     	; 0x1b7e <vfprintf+0x1c2>
    1b52:	b6 01       	movw	r22, r12
    1b54:	80 e2       	ldi	r24, 0x20	; 32
    1b56:	90 e0       	ldi	r25, 0x00	; 0
    1b58:	0e 94 45 0c 	call	0x188a	; 0x188a <fputc>
    1b5c:	2a 94       	dec	r2
    1b5e:	f4 cf       	rjmp	.-24     	; 0x1b48 <vfprintf+0x18c>
    1b60:	f5 01       	movw	r30, r10
    1b62:	37 fc       	sbrc	r3, 7
    1b64:	85 91       	lpm	r24, Z+
    1b66:	37 fe       	sbrs	r3, 7
    1b68:	81 91       	ld	r24, Z+
    1b6a:	5f 01       	movw	r10, r30
    1b6c:	b6 01       	movw	r22, r12
    1b6e:	90 e0       	ldi	r25, 0x00	; 0
    1b70:	0e 94 45 0c 	call	0x188a	; 0x188a <fputc>
    1b74:	21 10       	cpse	r2, r1
    1b76:	2a 94       	dec	r2
    1b78:	21 e0       	ldi	r18, 0x01	; 1
    1b7a:	82 1a       	sub	r8, r18
    1b7c:	91 08       	sbc	r9, r1
    1b7e:	81 14       	cp	r8, r1
    1b80:	91 04       	cpc	r9, r1
    1b82:	71 f7       	brne	.-36     	; 0x1b60 <vfprintf+0x1a4>
    1b84:	e8 c0       	rjmp	.+464    	; 0x1d56 <vfprintf+0x39a>
    1b86:	84 36       	cpi	r24, 0x64	; 100
    1b88:	11 f0       	breq	.+4      	; 0x1b8e <vfprintf+0x1d2>
    1b8a:	89 36       	cpi	r24, 0x69	; 105
    1b8c:	41 f5       	brne	.+80     	; 0x1bde <vfprintf+0x222>
    1b8e:	f8 01       	movw	r30, r16
    1b90:	37 fe       	sbrs	r3, 7
    1b92:	07 c0       	rjmp	.+14     	; 0x1ba2 <vfprintf+0x1e6>
    1b94:	60 81       	ld	r22, Z
    1b96:	71 81       	ldd	r23, Z+1	; 0x01
    1b98:	82 81       	ldd	r24, Z+2	; 0x02
    1b9a:	93 81       	ldd	r25, Z+3	; 0x03
    1b9c:	0c 5f       	subi	r16, 0xFC	; 252
    1b9e:	1f 4f       	sbci	r17, 0xFF	; 255
    1ba0:	08 c0       	rjmp	.+16     	; 0x1bb2 <vfprintf+0x1f6>
    1ba2:	60 81       	ld	r22, Z
    1ba4:	71 81       	ldd	r23, Z+1	; 0x01
    1ba6:	07 2e       	mov	r0, r23
    1ba8:	00 0c       	add	r0, r0
    1baa:	88 0b       	sbc	r24, r24
    1bac:	99 0b       	sbc	r25, r25
    1bae:	0e 5f       	subi	r16, 0xFE	; 254
    1bb0:	1f 4f       	sbci	r17, 0xFF	; 255
    1bb2:	f3 2d       	mov	r31, r3
    1bb4:	ff 76       	andi	r31, 0x6F	; 111
    1bb6:	3f 2e       	mov	r3, r31
    1bb8:	97 ff       	sbrs	r25, 7
    1bba:	09 c0       	rjmp	.+18     	; 0x1bce <vfprintf+0x212>
    1bbc:	90 95       	com	r25
    1bbe:	80 95       	com	r24
    1bc0:	70 95       	com	r23
    1bc2:	61 95       	neg	r22
    1bc4:	7f 4f       	sbci	r23, 0xFF	; 255
    1bc6:	8f 4f       	sbci	r24, 0xFF	; 255
    1bc8:	9f 4f       	sbci	r25, 0xFF	; 255
    1bca:	f0 68       	ori	r31, 0x80	; 128
    1bcc:	3f 2e       	mov	r3, r31
    1bce:	2a e0       	ldi	r18, 0x0A	; 10
    1bd0:	30 e0       	ldi	r19, 0x00	; 0
    1bd2:	a3 01       	movw	r20, r6
    1bd4:	0e 94 d5 0e 	call	0x1daa	; 0x1daa <__ultoa_invert>
    1bd8:	88 2e       	mov	r8, r24
    1bda:	86 18       	sub	r8, r6
    1bdc:	45 c0       	rjmp	.+138    	; 0x1c68 <vfprintf+0x2ac>
    1bde:	85 37       	cpi	r24, 0x75	; 117
    1be0:	31 f4       	brne	.+12     	; 0x1bee <vfprintf+0x232>
    1be2:	23 2d       	mov	r18, r3
    1be4:	2f 7e       	andi	r18, 0xEF	; 239
    1be6:	b2 2e       	mov	r11, r18
    1be8:	2a e0       	ldi	r18, 0x0A	; 10
    1bea:	30 e0       	ldi	r19, 0x00	; 0
    1bec:	25 c0       	rjmp	.+74     	; 0x1c38 <vfprintf+0x27c>
    1bee:	93 2d       	mov	r25, r3
    1bf0:	99 7f       	andi	r25, 0xF9	; 249
    1bf2:	b9 2e       	mov	r11, r25
    1bf4:	8f 36       	cpi	r24, 0x6F	; 111
    1bf6:	c1 f0       	breq	.+48     	; 0x1c28 <vfprintf+0x26c>
    1bf8:	18 f4       	brcc	.+6      	; 0x1c00 <vfprintf+0x244>
    1bfa:	88 35       	cpi	r24, 0x58	; 88
    1bfc:	79 f0       	breq	.+30     	; 0x1c1c <vfprintf+0x260>
    1bfe:	b5 c0       	rjmp	.+362    	; 0x1d6a <vfprintf+0x3ae>
    1c00:	80 37       	cpi	r24, 0x70	; 112
    1c02:	19 f0       	breq	.+6      	; 0x1c0a <vfprintf+0x24e>
    1c04:	88 37       	cpi	r24, 0x78	; 120
    1c06:	21 f0       	breq	.+8      	; 0x1c10 <vfprintf+0x254>
    1c08:	b0 c0       	rjmp	.+352    	; 0x1d6a <vfprintf+0x3ae>
    1c0a:	e9 2f       	mov	r30, r25
    1c0c:	e0 61       	ori	r30, 0x10	; 16
    1c0e:	be 2e       	mov	r11, r30
    1c10:	b4 fe       	sbrs	r11, 4
    1c12:	0d c0       	rjmp	.+26     	; 0x1c2e <vfprintf+0x272>
    1c14:	fb 2d       	mov	r31, r11
    1c16:	f4 60       	ori	r31, 0x04	; 4
    1c18:	bf 2e       	mov	r11, r31
    1c1a:	09 c0       	rjmp	.+18     	; 0x1c2e <vfprintf+0x272>
    1c1c:	34 fe       	sbrs	r3, 4
    1c1e:	0a c0       	rjmp	.+20     	; 0x1c34 <vfprintf+0x278>
    1c20:	29 2f       	mov	r18, r25
    1c22:	26 60       	ori	r18, 0x06	; 6
    1c24:	b2 2e       	mov	r11, r18
    1c26:	06 c0       	rjmp	.+12     	; 0x1c34 <vfprintf+0x278>
    1c28:	28 e0       	ldi	r18, 0x08	; 8
    1c2a:	30 e0       	ldi	r19, 0x00	; 0
    1c2c:	05 c0       	rjmp	.+10     	; 0x1c38 <vfprintf+0x27c>
    1c2e:	20 e1       	ldi	r18, 0x10	; 16
    1c30:	30 e0       	ldi	r19, 0x00	; 0
    1c32:	02 c0       	rjmp	.+4      	; 0x1c38 <vfprintf+0x27c>
    1c34:	20 e1       	ldi	r18, 0x10	; 16
    1c36:	32 e0       	ldi	r19, 0x02	; 2
    1c38:	f8 01       	movw	r30, r16
    1c3a:	b7 fe       	sbrs	r11, 7
    1c3c:	07 c0       	rjmp	.+14     	; 0x1c4c <vfprintf+0x290>
    1c3e:	60 81       	ld	r22, Z
    1c40:	71 81       	ldd	r23, Z+1	; 0x01
    1c42:	82 81       	ldd	r24, Z+2	; 0x02
    1c44:	93 81       	ldd	r25, Z+3	; 0x03
    1c46:	0c 5f       	subi	r16, 0xFC	; 252
    1c48:	1f 4f       	sbci	r17, 0xFF	; 255
    1c4a:	06 c0       	rjmp	.+12     	; 0x1c58 <vfprintf+0x29c>
    1c4c:	60 81       	ld	r22, Z
    1c4e:	71 81       	ldd	r23, Z+1	; 0x01
    1c50:	80 e0       	ldi	r24, 0x00	; 0
    1c52:	90 e0       	ldi	r25, 0x00	; 0
    1c54:	0e 5f       	subi	r16, 0xFE	; 254
    1c56:	1f 4f       	sbci	r17, 0xFF	; 255
    1c58:	a3 01       	movw	r20, r6
    1c5a:	0e 94 d5 0e 	call	0x1daa	; 0x1daa <__ultoa_invert>
    1c5e:	88 2e       	mov	r8, r24
    1c60:	86 18       	sub	r8, r6
    1c62:	fb 2d       	mov	r31, r11
    1c64:	ff 77       	andi	r31, 0x7F	; 127
    1c66:	3f 2e       	mov	r3, r31
    1c68:	36 fe       	sbrs	r3, 6
    1c6a:	0d c0       	rjmp	.+26     	; 0x1c86 <vfprintf+0x2ca>
    1c6c:	23 2d       	mov	r18, r3
    1c6e:	2e 7f       	andi	r18, 0xFE	; 254
    1c70:	a2 2e       	mov	r10, r18
    1c72:	89 14       	cp	r8, r9
    1c74:	58 f4       	brcc	.+22     	; 0x1c8c <vfprintf+0x2d0>
    1c76:	34 fe       	sbrs	r3, 4
    1c78:	0b c0       	rjmp	.+22     	; 0x1c90 <vfprintf+0x2d4>
    1c7a:	32 fc       	sbrc	r3, 2
    1c7c:	09 c0       	rjmp	.+18     	; 0x1c90 <vfprintf+0x2d4>
    1c7e:	83 2d       	mov	r24, r3
    1c80:	8e 7e       	andi	r24, 0xEE	; 238
    1c82:	a8 2e       	mov	r10, r24
    1c84:	05 c0       	rjmp	.+10     	; 0x1c90 <vfprintf+0x2d4>
    1c86:	b8 2c       	mov	r11, r8
    1c88:	a3 2c       	mov	r10, r3
    1c8a:	03 c0       	rjmp	.+6      	; 0x1c92 <vfprintf+0x2d6>
    1c8c:	b8 2c       	mov	r11, r8
    1c8e:	01 c0       	rjmp	.+2      	; 0x1c92 <vfprintf+0x2d6>
    1c90:	b9 2c       	mov	r11, r9
    1c92:	a4 fe       	sbrs	r10, 4
    1c94:	0f c0       	rjmp	.+30     	; 0x1cb4 <vfprintf+0x2f8>
    1c96:	fe 01       	movw	r30, r28
    1c98:	e8 0d       	add	r30, r8
    1c9a:	f1 1d       	adc	r31, r1
    1c9c:	80 81       	ld	r24, Z
    1c9e:	80 33       	cpi	r24, 0x30	; 48
    1ca0:	21 f4       	brne	.+8      	; 0x1caa <vfprintf+0x2ee>
    1ca2:	9a 2d       	mov	r25, r10
    1ca4:	99 7e       	andi	r25, 0xE9	; 233
    1ca6:	a9 2e       	mov	r10, r25
    1ca8:	09 c0       	rjmp	.+18     	; 0x1cbc <vfprintf+0x300>
    1caa:	a2 fe       	sbrs	r10, 2
    1cac:	06 c0       	rjmp	.+12     	; 0x1cba <vfprintf+0x2fe>
    1cae:	b3 94       	inc	r11
    1cb0:	b3 94       	inc	r11
    1cb2:	04 c0       	rjmp	.+8      	; 0x1cbc <vfprintf+0x300>
    1cb4:	8a 2d       	mov	r24, r10
    1cb6:	86 78       	andi	r24, 0x86	; 134
    1cb8:	09 f0       	breq	.+2      	; 0x1cbc <vfprintf+0x300>
    1cba:	b3 94       	inc	r11
    1cbc:	a3 fc       	sbrc	r10, 3
    1cbe:	11 c0       	rjmp	.+34     	; 0x1ce2 <vfprintf+0x326>
    1cc0:	a0 fe       	sbrs	r10, 0
    1cc2:	06 c0       	rjmp	.+12     	; 0x1cd0 <vfprintf+0x314>
    1cc4:	b2 14       	cp	r11, r2
    1cc6:	88 f4       	brcc	.+34     	; 0x1cea <vfprintf+0x32e>
    1cc8:	28 0c       	add	r2, r8
    1cca:	92 2c       	mov	r9, r2
    1ccc:	9b 18       	sub	r9, r11
    1cce:	0e c0       	rjmp	.+28     	; 0x1cec <vfprintf+0x330>
    1cd0:	b2 14       	cp	r11, r2
    1cd2:	60 f4       	brcc	.+24     	; 0x1cec <vfprintf+0x330>
    1cd4:	b6 01       	movw	r22, r12
    1cd6:	80 e2       	ldi	r24, 0x20	; 32
    1cd8:	90 e0       	ldi	r25, 0x00	; 0
    1cda:	0e 94 45 0c 	call	0x188a	; 0x188a <fputc>
    1cde:	b3 94       	inc	r11
    1ce0:	f7 cf       	rjmp	.-18     	; 0x1cd0 <vfprintf+0x314>
    1ce2:	b2 14       	cp	r11, r2
    1ce4:	18 f4       	brcc	.+6      	; 0x1cec <vfprintf+0x330>
    1ce6:	2b 18       	sub	r2, r11
    1ce8:	02 c0       	rjmp	.+4      	; 0x1cee <vfprintf+0x332>
    1cea:	98 2c       	mov	r9, r8
    1cec:	21 2c       	mov	r2, r1
    1cee:	a4 fe       	sbrs	r10, 4
    1cf0:	10 c0       	rjmp	.+32     	; 0x1d12 <vfprintf+0x356>
    1cf2:	b6 01       	movw	r22, r12
    1cf4:	80 e3       	ldi	r24, 0x30	; 48
    1cf6:	90 e0       	ldi	r25, 0x00	; 0
    1cf8:	0e 94 45 0c 	call	0x188a	; 0x188a <fputc>
    1cfc:	a2 fe       	sbrs	r10, 2
    1cfe:	17 c0       	rjmp	.+46     	; 0x1d2e <vfprintf+0x372>
    1d00:	a1 fc       	sbrc	r10, 1
    1d02:	03 c0       	rjmp	.+6      	; 0x1d0a <vfprintf+0x34e>
    1d04:	88 e7       	ldi	r24, 0x78	; 120
    1d06:	90 e0       	ldi	r25, 0x00	; 0
    1d08:	02 c0       	rjmp	.+4      	; 0x1d0e <vfprintf+0x352>
    1d0a:	88 e5       	ldi	r24, 0x58	; 88
    1d0c:	90 e0       	ldi	r25, 0x00	; 0
    1d0e:	b6 01       	movw	r22, r12
    1d10:	0c c0       	rjmp	.+24     	; 0x1d2a <vfprintf+0x36e>
    1d12:	8a 2d       	mov	r24, r10
    1d14:	86 78       	andi	r24, 0x86	; 134
    1d16:	59 f0       	breq	.+22     	; 0x1d2e <vfprintf+0x372>
    1d18:	a1 fe       	sbrs	r10, 1
    1d1a:	02 c0       	rjmp	.+4      	; 0x1d20 <vfprintf+0x364>
    1d1c:	8b e2       	ldi	r24, 0x2B	; 43
    1d1e:	01 c0       	rjmp	.+2      	; 0x1d22 <vfprintf+0x366>
    1d20:	80 e2       	ldi	r24, 0x20	; 32
    1d22:	a7 fc       	sbrc	r10, 7
    1d24:	8d e2       	ldi	r24, 0x2D	; 45
    1d26:	b6 01       	movw	r22, r12
    1d28:	90 e0       	ldi	r25, 0x00	; 0
    1d2a:	0e 94 45 0c 	call	0x188a	; 0x188a <fputc>
    1d2e:	89 14       	cp	r8, r9
    1d30:	38 f4       	brcc	.+14     	; 0x1d40 <vfprintf+0x384>
    1d32:	b6 01       	movw	r22, r12
    1d34:	80 e3       	ldi	r24, 0x30	; 48
    1d36:	90 e0       	ldi	r25, 0x00	; 0
    1d38:	0e 94 45 0c 	call	0x188a	; 0x188a <fputc>
    1d3c:	9a 94       	dec	r9
    1d3e:	f7 cf       	rjmp	.-18     	; 0x1d2e <vfprintf+0x372>
    1d40:	8a 94       	dec	r8
    1d42:	f3 01       	movw	r30, r6
    1d44:	e8 0d       	add	r30, r8
    1d46:	f1 1d       	adc	r31, r1
    1d48:	80 81       	ld	r24, Z
    1d4a:	b6 01       	movw	r22, r12
    1d4c:	90 e0       	ldi	r25, 0x00	; 0
    1d4e:	0e 94 45 0c 	call	0x188a	; 0x188a <fputc>
    1d52:	81 10       	cpse	r8, r1
    1d54:	f5 cf       	rjmp	.-22     	; 0x1d40 <vfprintf+0x384>
    1d56:	22 20       	and	r2, r2
    1d58:	09 f4       	brne	.+2      	; 0x1d5c <vfprintf+0x3a0>
    1d5a:	42 ce       	rjmp	.-892    	; 0x19e0 <vfprintf+0x24>
    1d5c:	b6 01       	movw	r22, r12
    1d5e:	80 e2       	ldi	r24, 0x20	; 32
    1d60:	90 e0       	ldi	r25, 0x00	; 0
    1d62:	0e 94 45 0c 	call	0x188a	; 0x188a <fputc>
    1d66:	2a 94       	dec	r2
    1d68:	f6 cf       	rjmp	.-20     	; 0x1d56 <vfprintf+0x39a>
    1d6a:	f6 01       	movw	r30, r12
    1d6c:	86 81       	ldd	r24, Z+6	; 0x06
    1d6e:	97 81       	ldd	r25, Z+7	; 0x07
    1d70:	02 c0       	rjmp	.+4      	; 0x1d76 <vfprintf+0x3ba>
    1d72:	8f ef       	ldi	r24, 0xFF	; 255
    1d74:	9f ef       	ldi	r25, 0xFF	; 255
    1d76:	2b 96       	adiw	r28, 0x0b	; 11
    1d78:	e2 e1       	ldi	r30, 0x12	; 18
    1d7a:	0c 94 62 0f 	jmp	0x1ec4	; 0x1ec4 <__epilogue_restores__>

00001d7e <strnlen_P>:
    1d7e:	fc 01       	movw	r30, r24
    1d80:	05 90       	lpm	r0, Z+
    1d82:	61 50       	subi	r22, 0x01	; 1
    1d84:	70 40       	sbci	r23, 0x00	; 0
    1d86:	01 10       	cpse	r0, r1
    1d88:	d8 f7       	brcc	.-10     	; 0x1d80 <strnlen_P+0x2>
    1d8a:	80 95       	com	r24
    1d8c:	90 95       	com	r25
    1d8e:	8e 0f       	add	r24, r30
    1d90:	9f 1f       	adc	r25, r31
    1d92:	08 95       	ret

00001d94 <strnlen>:
    1d94:	fc 01       	movw	r30, r24
    1d96:	61 50       	subi	r22, 0x01	; 1
    1d98:	70 40       	sbci	r23, 0x00	; 0
    1d9a:	01 90       	ld	r0, Z+
    1d9c:	01 10       	cpse	r0, r1
    1d9e:	d8 f7       	brcc	.-10     	; 0x1d96 <strnlen+0x2>
    1da0:	80 95       	com	r24
    1da2:	90 95       	com	r25
    1da4:	8e 0f       	add	r24, r30
    1da6:	9f 1f       	adc	r25, r31
    1da8:	08 95       	ret

00001daa <__ultoa_invert>:
    1daa:	fa 01       	movw	r30, r20
    1dac:	aa 27       	eor	r26, r26
    1dae:	28 30       	cpi	r18, 0x08	; 8
    1db0:	51 f1       	breq	.+84     	; 0x1e06 <__ultoa_invert+0x5c>
    1db2:	20 31       	cpi	r18, 0x10	; 16
    1db4:	81 f1       	breq	.+96     	; 0x1e16 <__ultoa_invert+0x6c>
    1db6:	e8 94       	clt
    1db8:	6f 93       	push	r22
    1dba:	6e 7f       	andi	r22, 0xFE	; 254
    1dbc:	6e 5f       	subi	r22, 0xFE	; 254
    1dbe:	7f 4f       	sbci	r23, 0xFF	; 255
    1dc0:	8f 4f       	sbci	r24, 0xFF	; 255
    1dc2:	9f 4f       	sbci	r25, 0xFF	; 255
    1dc4:	af 4f       	sbci	r26, 0xFF	; 255
    1dc6:	b1 e0       	ldi	r27, 0x01	; 1
    1dc8:	3e d0       	rcall	.+124    	; 0x1e46 <__ultoa_invert+0x9c>
    1dca:	b4 e0       	ldi	r27, 0x04	; 4
    1dcc:	3c d0       	rcall	.+120    	; 0x1e46 <__ultoa_invert+0x9c>
    1dce:	67 0f       	add	r22, r23
    1dd0:	78 1f       	adc	r23, r24
    1dd2:	89 1f       	adc	r24, r25
    1dd4:	9a 1f       	adc	r25, r26
    1dd6:	a1 1d       	adc	r26, r1
    1dd8:	68 0f       	add	r22, r24
    1dda:	79 1f       	adc	r23, r25
    1ddc:	8a 1f       	adc	r24, r26
    1dde:	91 1d       	adc	r25, r1
    1de0:	a1 1d       	adc	r26, r1
    1de2:	6a 0f       	add	r22, r26
    1de4:	71 1d       	adc	r23, r1
    1de6:	81 1d       	adc	r24, r1
    1de8:	91 1d       	adc	r25, r1
    1dea:	a1 1d       	adc	r26, r1
    1dec:	20 d0       	rcall	.+64     	; 0x1e2e <__ultoa_invert+0x84>
    1dee:	09 f4       	brne	.+2      	; 0x1df2 <__ultoa_invert+0x48>
    1df0:	68 94       	set
    1df2:	3f 91       	pop	r19
    1df4:	2a e0       	ldi	r18, 0x0A	; 10
    1df6:	26 9f       	mul	r18, r22
    1df8:	11 24       	eor	r1, r1
    1dfa:	30 19       	sub	r19, r0
    1dfc:	30 5d       	subi	r19, 0xD0	; 208
    1dfe:	31 93       	st	Z+, r19
    1e00:	de f6       	brtc	.-74     	; 0x1db8 <__ultoa_invert+0xe>
    1e02:	cf 01       	movw	r24, r30
    1e04:	08 95       	ret
    1e06:	46 2f       	mov	r20, r22
    1e08:	47 70       	andi	r20, 0x07	; 7
    1e0a:	40 5d       	subi	r20, 0xD0	; 208
    1e0c:	41 93       	st	Z+, r20
    1e0e:	b3 e0       	ldi	r27, 0x03	; 3
    1e10:	0f d0       	rcall	.+30     	; 0x1e30 <__ultoa_invert+0x86>
    1e12:	c9 f7       	brne	.-14     	; 0x1e06 <__ultoa_invert+0x5c>
    1e14:	f6 cf       	rjmp	.-20     	; 0x1e02 <__ultoa_invert+0x58>
    1e16:	46 2f       	mov	r20, r22
    1e18:	4f 70       	andi	r20, 0x0F	; 15
    1e1a:	40 5d       	subi	r20, 0xD0	; 208
    1e1c:	4a 33       	cpi	r20, 0x3A	; 58
    1e1e:	18 f0       	brcs	.+6      	; 0x1e26 <__ultoa_invert+0x7c>
    1e20:	49 5d       	subi	r20, 0xD9	; 217
    1e22:	31 fd       	sbrc	r19, 1
    1e24:	40 52       	subi	r20, 0x20	; 32
    1e26:	41 93       	st	Z+, r20
    1e28:	02 d0       	rcall	.+4      	; 0x1e2e <__ultoa_invert+0x84>
    1e2a:	a9 f7       	brne	.-22     	; 0x1e16 <__ultoa_invert+0x6c>
    1e2c:	ea cf       	rjmp	.-44     	; 0x1e02 <__ultoa_invert+0x58>
    1e2e:	b4 e0       	ldi	r27, 0x04	; 4
    1e30:	a6 95       	lsr	r26
    1e32:	97 95       	ror	r25
    1e34:	87 95       	ror	r24
    1e36:	77 95       	ror	r23
    1e38:	67 95       	ror	r22
    1e3a:	ba 95       	dec	r27
    1e3c:	c9 f7       	brne	.-14     	; 0x1e30 <__ultoa_invert+0x86>
    1e3e:	00 97       	sbiw	r24, 0x00	; 0
    1e40:	61 05       	cpc	r22, r1
    1e42:	71 05       	cpc	r23, r1
    1e44:	08 95       	ret
    1e46:	9b 01       	movw	r18, r22
    1e48:	ac 01       	movw	r20, r24
    1e4a:	0a 2e       	mov	r0, r26
    1e4c:	06 94       	lsr	r0
    1e4e:	57 95       	ror	r21
    1e50:	47 95       	ror	r20
    1e52:	37 95       	ror	r19
    1e54:	27 95       	ror	r18
    1e56:	ba 95       	dec	r27
    1e58:	c9 f7       	brne	.-14     	; 0x1e4c <__ultoa_invert+0xa2>
    1e5a:	62 0f       	add	r22, r18
    1e5c:	73 1f       	adc	r23, r19
    1e5e:	84 1f       	adc	r24, r20
    1e60:	95 1f       	adc	r25, r21
    1e62:	a0 1d       	adc	r26, r0
    1e64:	08 95       	ret

00001e66 <__muluhisi3>:
    1e66:	0e 94 4d 0b 	call	0x169a	; 0x169a <__umulhisi3>
    1e6a:	a5 9f       	mul	r26, r21
    1e6c:	90 0d       	add	r25, r0
    1e6e:	b4 9f       	mul	r27, r20
    1e70:	90 0d       	add	r25, r0
    1e72:	a4 9f       	mul	r26, r20
    1e74:	80 0d       	add	r24, r0
    1e76:	91 1d       	adc	r25, r1
    1e78:	11 24       	eor	r1, r1
    1e7a:	08 95       	ret

00001e7c <__mulshisi3>:
    1e7c:	b7 ff       	sbrs	r27, 7
    1e7e:	0c 94 33 0f 	jmp	0x1e66	; 0x1e66 <__muluhisi3>

00001e82 <__mulohisi3>:
    1e82:	0e 94 33 0f 	call	0x1e66	; 0x1e66 <__muluhisi3>
    1e86:	82 1b       	sub	r24, r18
    1e88:	93 0b       	sbc	r25, r19
    1e8a:	08 95       	ret

00001e8c <__prologue_saves__>:
    1e8c:	2f 92       	push	r2
    1e8e:	3f 92       	push	r3
    1e90:	4f 92       	push	r4
    1e92:	5f 92       	push	r5
    1e94:	6f 92       	push	r6
    1e96:	7f 92       	push	r7
    1e98:	8f 92       	push	r8
    1e9a:	9f 92       	push	r9
    1e9c:	af 92       	push	r10
    1e9e:	bf 92       	push	r11
    1ea0:	cf 92       	push	r12
    1ea2:	df 92       	push	r13
    1ea4:	ef 92       	push	r14
    1ea6:	ff 92       	push	r15
    1ea8:	0f 93       	push	r16
    1eaa:	1f 93       	push	r17
    1eac:	cf 93       	push	r28
    1eae:	df 93       	push	r29
    1eb0:	cd b7       	in	r28, 0x3d	; 61
    1eb2:	de b7       	in	r29, 0x3e	; 62
    1eb4:	ca 1b       	sub	r28, r26
    1eb6:	db 0b       	sbc	r29, r27
    1eb8:	0f b6       	in	r0, 0x3f	; 63
    1eba:	f8 94       	cli
    1ebc:	de bf       	out	0x3e, r29	; 62
    1ebe:	0f be       	out	0x3f, r0	; 63
    1ec0:	cd bf       	out	0x3d, r28	; 61
    1ec2:	09 94       	ijmp

00001ec4 <__epilogue_restores__>:
    1ec4:	2a 88       	ldd	r2, Y+18	; 0x12
    1ec6:	39 88       	ldd	r3, Y+17	; 0x11
    1ec8:	48 88       	ldd	r4, Y+16	; 0x10
    1eca:	5f 84       	ldd	r5, Y+15	; 0x0f
    1ecc:	6e 84       	ldd	r6, Y+14	; 0x0e
    1ece:	7d 84       	ldd	r7, Y+13	; 0x0d
    1ed0:	8c 84       	ldd	r8, Y+12	; 0x0c
    1ed2:	9b 84       	ldd	r9, Y+11	; 0x0b
    1ed4:	aa 84       	ldd	r10, Y+10	; 0x0a
    1ed6:	b9 84       	ldd	r11, Y+9	; 0x09
    1ed8:	c8 84       	ldd	r12, Y+8	; 0x08
    1eda:	df 80       	ldd	r13, Y+7	; 0x07
    1edc:	ee 80       	ldd	r14, Y+6	; 0x06
    1ede:	fd 80       	ldd	r15, Y+5	; 0x05
    1ee0:	0c 81       	ldd	r16, Y+4	; 0x04
    1ee2:	1b 81       	ldd	r17, Y+3	; 0x03
    1ee4:	aa 81       	ldd	r26, Y+2	; 0x02
    1ee6:	b9 81       	ldd	r27, Y+1	; 0x01
    1ee8:	ce 0f       	add	r28, r30
    1eea:	d1 1d       	adc	r29, r1
    1eec:	0f b6       	in	r0, 0x3f	; 63
    1eee:	f8 94       	cli
    1ef0:	de bf       	out	0x3e, r29	; 62
    1ef2:	0f be       	out	0x3f, r0	; 63
    1ef4:	cd bf       	out	0x3d, r28	; 61
    1ef6:	ed 01       	movw	r28, r26
    1ef8:	08 95       	ret

00001efa <_exit>:
    1efa:	f8 94       	cli

00001efc <__stop_program>:
    1efc:	ff cf       	rjmp	.-2      	; 0x1efc <__stop_program>
